{
  "best_val_f1_weighted": 0.36195856873822974,
  "best_test_metrics": {
    "accuracy": 0.40540540540540543,
    "f1_macro": 0.11538461538461538,
    "f1_micro": 0.40540540540540543,
    "f1_weighted": 0.23388773388773387
  },
  "timing": {
    "total_train_loop_sec": 15.494085700949654,
    "total_train_step_sec": 10.366532708518207,
    "total_eval_during_train_sec": 5.121408983832225,
    "avg_sec_per_epoch": 0.1534067891183134,
    "total_test_eval_sec": 0.0503318200353533
  },
  "curves": {
    "epoch": [
      1,
      2,
      3,
      4,
      5,
      6,
      7,
      8,
      9,
      10,
      11,
      12,
      13,
      14,
      15,
      16,
      17,
      18,
      19,
      20,
      21,
      22,
      23,
      24,
      25,
      26,
      27,
      28,
      29,
      30,
      31,
      32,
      33,
      34,
      35,
      36,
      37,
      38,
      39,
      40,
      41,
      42,
      43,
      44,
      45,
      46,
      47,
      48,
      49,
      50,
      51,
      52,
      53,
      54,
      55,
      56,
      57,
      58,
      59,
      60,
      61,
      62,
      63,
      64,
      65,
      66,
      67,
      68,
      69,
      70,
      71,
      72,
      73,
      74,
      75,
      76,
      77,
      78,
      79,
      80,
      81,
      82,
      83,
      84,
      85,
      86,
      87,
      88,
      89,
      90,
      91,
      92,
      93,
      94,
      95,
      96,
      97,
      98,
      99,
      100,
      101
    ],
    "loss": [
      1.6151844263076782,
      1.6008411645889282,
      1.5917963981628418,
      1.5825932025909424,
      1.5753568410873413,
      1.568344235420227,
      1.5595402717590332,
      1.5536491870880127,
      1.5470547676086426,
      1.5414310693740845,
      1.5372352600097656,
      1.5288666486740112,
      1.5230114459991455,
      1.5185494422912598,
      1.5153638124465942,
      1.5071005821228027,
      1.5006442070007324,
      1.4991459846496582,
      1.493159294128418,
      1.488061547279358,
      1.479054570198059,
      1.4742234945297241,
      1.4721571207046509,
      1.4707413911819458,
      1.467591643333435,
      1.470334529876709,
      1.4636712074279785,
      1.4563958644866943,
      1.4494407176971436,
      1.45479154586792,
      1.4477620124816895,
      1.4394071102142334,
      1.4431711435317993,
      1.4371271133422852,
      1.4330151081085205,
      1.442518949508667,
      1.4350963830947876,
      1.427216649055481,
      1.4254984855651855,
      1.4319394826889038,
      1.431955337524414,
      1.4316905736923218,
      1.4225945472717285,
      1.4194473028182983,
      1.4371753931045532,
      1.4271633625030518,
      1.4223920106887817,
      1.4267284870147705,
      1.4245154857635498,
      1.411502718925476,
      1.4137413501739502,
      1.3934191465377808,
      1.4104785919189453,
      1.4260252714157104,
      1.409827709197998,
      1.4053481817245483,
      1.4140006303787231,
      1.4123175144195557,
      1.4170541763305664,
      1.408848762512207,
      1.4110572338104248,
      1.4160867929458618,
      1.412506103515625,
      1.403488278388977,
      1.41483473777771,
      1.4075545072555542,
      1.4120336771011353,
      1.4040907621383667,
      1.4067548513412476,
      1.418880820274353,
      1.409956693649292,
      1.3971574306488037,
      1.4029031991958618,
      1.412312626838684,
      1.402679681777954,
      1.406206488609314,
      1.4124820232391357,
      1.3974478244781494,
      1.3981305360794067,
      1.4042162895202637,
      1.4007127285003662,
      1.4121087789535522,
      1.4117379188537598,
      1.3949553966522217,
      1.4070299863815308,
      1.3915725946426392,
      1.401724934577942,
      1.3970117568969727,
      1.397995114326477,
      1.3917927742004395,
      1.388305425643921,
      1.3864922523498535,
      1.4012771844863892,
      1.4086356163024902,
      1.402652382850647,
      1.3982373476028442,
      1.4088844060897827,
      1.4052155017852783,
      1.3917032480239868,
      1.412595510482788,
      1.399371862411499
    ],
    "val_f1_weighted": [
      0.36195856873822974,
      0.36195856873822974,
      0.36195856873822974,
      0.36195856873822974,
      0.36195856873822974,
      0.36195856873822974,
      0.36195856873822974,
      0.36195856873822974,
      0.36195856873822974,
      0.36195856873822974,
      0.36195856873822974,
      0.36195856873822974,
      0.36195856873822974,
      0.36195856873822974,
      0.36195856873822974,
      0.36195856873822974,
      0.36195856873822974,
      0.36195856873822974,
      0.36195856873822974,
      0.36195856873822974,
      0.36195856873822974,
      0.36195856873822974,
      0.36195856873822974,
      0.36195856873822974,
      0.36195856873822974,
      0.36195856873822974,
      0.36195856873822974,
      0.36195856873822974,
      0.36195856873822974,
      0.36195856873822974,
      0.36195856873822974,
      0.36195856873822974,
      0.36195856873822974,
      0.36195856873822974,
      0.36195856873822974,
      0.36195856873822974,
      0.36195856873822974,
      0.36195856873822974,
      0.36195856873822974,
      0.36195856873822974,
      0.36195856873822974,
      0.36195856873822974,
      0.36195856873822974,
      0.36195856873822974,
      0.36195856873822974,
      0.36195856873822974,
      0.36195856873822974,
      0.36195856873822974,
      0.36195856873822974,
      0.36195856873822974,
      0.36195856873822974,
      0.36195856873822974,
      0.36195856873822974,
      0.36195856873822974,
      0.36195856873822974,
      0.36195856873822974,
      0.36195856873822974,
      0.36195856873822974,
      0.36195856873822974,
      0.36195856873822974,
      0.36195856873822974,
      0.36195856873822974,
      0.36195856873822974,
      0.36195856873822974,
      0.36195856873822974,
      0.36195856873822974,
      0.36195856873822974,
      0.36195856873822974,
      0.36195856873822974,
      0.36195856873822974,
      0.36195856873822974,
      0.36195856873822974,
      0.36195856873822974,
      0.36195856873822974,
      0.36195856873822974,
      0.36195856873822974,
      0.36195856873822974,
      0.36195856873822974,
      0.36195856873822974,
      0.36195856873822974,
      0.36195856873822974,
      0.36195856873822974,
      0.36195856873822974,
      0.36195856873822974,
      0.36195856873822974,
      0.36195856873822974,
      0.36195856873822974,
      0.36195856873822974,
      0.36195856873822974,
      0.36195856873822974,
      0.36195856873822974,
      0.36195856873822974,
      0.36195856873822974,
      0.36195856873822974,
      0.36195856873822974,
      0.36195856873822974,
      0.36195856873822974,
      0.36195856873822974,
      0.36195856873822974,
      0.36195856873822974,
      0.36195856873822974
    ],