{
  "best_val_f1_weighted": 0.36195856873822974,
  "best_test_metrics": {
    "accuracy": 0.40540540540540543,
    "f1_macro": 0.11538461538461538,
    "f1_micro": 0.40540540540540543,
    "f1_weighted": 0.23388773388773387
  },
  "timing": {
    "total_train_loop_sec": 17.906753730028868,
    "total_train_step_sec": 12.149836186785251,
    "total_eval_during_train_sec": 5.750561915803701,
    "avg_sec_per_epoch": 0.17555640911793008,
    "total_test_eval_sec": 0.050415108911693096
  },
  "curves": {
    "epoch": [
      1,
      2,
      3,
      4,
      5,
      6,
      7,
      8,
      9,
      10,
      11,
      12,
      13,
      14,
      15,
      16,
      17,
      18,
      19,
      20,
      21,
      22,
      23,
      24,
      25,
      26,
      27,
      28,
      29,
      30,
      31,
      32,
      33,
      34,
      35,
      36,
      37,
      38,
      39,
      40,
      41,
      42,
      43,
      44,
      45,
      46,
      47,
      48,
      49,
      50,
      51,
      52,
      53,
      54,
      55,
      56,
      57,
      58,
      59,
      60,
      61,
      62,
      63,
      64,
      65,
      66,
      67,
      68,
      69,
      70,
      71,
      72,
      73,
      74,
      75,
      76,
      77,
      78,
      79,
      80,
      81,
      82,
      83,
      84,
      85,
      86,
      87,
      88,
      89,
      90,
      91,
      92,
      93,
      94,
      95,
      96,
      97,
      98,
      99,
      100,
      101,
      102
    ],
    "loss": [
      1.6154266595840454,
      1.601576328277588,
      1.587445616722107,
      1.5782593488693237,
      1.5710875988006592,
      1.5628081560134888,
      1.5571054220199585,
      1.5500364303588867,
      1.5427433252334595,
      1.5366712808609009,
      1.5323431491851807,
      1.524439811706543,
      1.5233350992202759,
      1.5151565074920654,
      1.5098766088485718,
      1.50071382522583,
      1.5036970376968384,
      1.4923027753829956,
      1.4875025749206543,
      1.488840937614441,
      1.479169249534607,
      1.4772456884384155,
      1.475018858909607,
      1.470203161239624,
      1.4670872688293457,
      1.461010217666626,
      1.4535740613937378,
      1.4535616636276245,
      1.4545371532440186,
      1.4481282234191895,
      1.4433118104934692,
      1.4339674711227417,
      1.4426884651184082,
      1.432121753692627,
      1.4317160844802856,
      1.4390156269073486,
      1.4211069345474243,
      1.4311153888702393,
      1.425244688987732,
      1.4201289415359497,
      1.4230694770812988,
      1.4187384843826294,
      1.4162806272506714,
      1.4180866479873657,
      1.41132652759552,
      1.4252135753631592,
      1.4136008024215698,
      1.4094966650009155,
      1.3952832221984863,
      1.387658715248108,
      1.4121729135513306,
      1.4044134616851807,
      1.4021393060684204,
      1.4000921249389648,
      1.3934283256530762,
      1.400078535079956,
      1.3923534154891968,
      1.4003791809082031,
      1.3944143056869507,
      1.3988994359970093,
      1.4011634588241577,
      1.39591646194458,
      1.3955633640289307,
      1.3927905559539795,
      1.3932127952575684,
      1.3985518217086792,
      1.3865965604782104,
      1.3866490125656128,
      1.3994355201721191,
      1.400364637374878,
      1.383277416229248,
      1.3874660730361938,
      1.3830780982971191,
      1.394135594367981,
      1.3879368305206299,
      1.3870418071746826,
      1.3966069221496582,
      1.3834309577941895,
      1.3811352252960205,
      1.385684847831726,
      1.3925892114639282,
      1.3919811248779297,
      1.3841943740844727,
      1.401306390762329,
      1.3825472593307495,
      1.3927475214004517,
      1.3810908794403076,
      1.3759305477142334,
      1.3934811353683472,
      1.3701385259628296,
      1.3809773921966553,
      1.383724331855774,
      1.3873485326766968,
      1.376858115196228,
      1.3745019435882568,
      1.3767731189727783,
      1.3712207078933716,
      1.3709748983383179,
      1.3770586252212524,
      1.3827587366104126,
      1.3751341104507446,
      1.3745321035385132
    ],
    "val_f1_weighted": [
      0.18069600721644588,
      0.36195856873822974,
      0.36195856873822974,
      0.36195856873822974,
      0.36195856873822974,
      0.36195856873822974,
      0.36195856873822974,
      0.36195856873822974,
      0.36195856873822974,
      0.36195856873822974,
      0.36195856873822974,
      0.36195856873822974,
      0.36195856873822974,
      0.36195856873822974,
      0.36195856873822974,
      0.36195856873822974,
      0.36195856873822974,
      0.36195856873822974,
      0.36195856873822974,
      0.36195856873822974,
      0.36195856873822974,
      0.36195856873822974,
      0.36195856873822974,
      0.36195856873822974,
      0.36195856873822974,
      0.36195856873822974,
      0.36195856873822974,
      0.36195856873822974,
      0.36195856873822974,
      0.36195856873822974,
      0.36195856873822974,
      0.36195856873822974,
      0.36195856873822974,
      0.36195856873822974,
      0.36195856873822974,
      0.36195856873822974,
      0.36195856873822974,
      0.36195856873822974,
      0.36195856873822974,
      0.36195856873822974,
      0.36195856873822974,
      0.36195856873822974,
      0.36195856873822974,
      0.36195856873822974,
      0.36195856873822974,
      0.36195856873822974,
      0.36195856873822974,
      0.36195856873822974,
      0.36195856873822974,
      0.36195856873822974,
      0.36195856873822974,
      0.36195856873822974,
      0.36195856873822974,
      0.36195856873822974,
      0.36195856873822974,
      0.36195856873822974,
      0.36195856873822974,
      0.36195856873822974,
      0.36195856873822974,
      0.36195856873822974,
      0.36195856873822974,
      0.36195856873822974,
      0.36195856873822974,
      0.36195856873822974,
      0.36195856873822974,
      0.36195856873822974,
      0.36195856873822974,
      0.36195856873822974,
      0.36195856873822974,
      0.36195856873822974,
      0.36195856873822974,
      0.36195856873822974,
      0.36195856873822974,
      0.36195856873822974,
      0.36195856873822974,
      0.36195856873822974,
      0.36195856873822974,
      0.36195856873822974,
      0.36195856873822974,
      0.36195856873822974,
      0.36195856873822974,
      0.36195856873822974,
      0.36195856873822974,
      0.36195856873822974,
      0.36195856873822974,
      0.36195856873822974,
      0.36195856873822974,
      0.36195856873822974,
      0.36195856873822974,
      0.36195856873822974,
      0.36195856873822974,
      0.36195856873822974,
      0.36195856873822974,
      0.36195856873822974,
      0.36195856873822974,
      0.36195856873822974,
      0.36195856873822974,
      0.36195856873822974,
      0.36195856873822974,
      0.36195856873822974,
      0.36195856873822974,
      0.36195856873822974
    ],