{
  "best_auc": 0.7046638905413445,
  "best_ap": 0.713030593250283,
  "best_test_metrics": {
    "accuracy": 0.5,
    "f1_macro": 0.3333333333333333,
    "f1_micro": 0.5,
    "f1_weighted": 0.3333333333333333
  },
  "timing": {
    "total_train_loop_sec": 15.70807900512591,
    "total_train_step_sec": 10.700267983833328,
    "total_eval_during_train_sec": 5.000579880783334,
    "avg_sec_per_epoch": 0.1525056214089894,
    "total_test_eval_sec": 0.04812180995941162
  },
  "curves": {
    "epoch": [
      1,
      2,
      3,
      4,
      5,
      6,
      7,
      8,
      9,
      10,
      11,
      12,
      13,
      14,
      15,
      16,
      17,
      18,
      19,
      20,
      21,
      22,
      23,
      24,
      25,
      26,
      27,
      28,
      29,
      30,
      31,
      32,
      33,
      34,
      35,
      36,
      37,
      38,
      39,
      40,
      41,
      42,
      43,
      44,
      45,
      46,
      47,
      48,
      49,
      50,
      51,
      52,
      53,
      54,
      55,
      56,
      57,
      58,
      59,
      60,
      61,
      62,
      63,
      64,
      65,
      66,
      67,
      68,
      69,
      70,
      71,
      72,
      73,
      74,
      75,
      76,
      77,
      78,
      79,
      80,
      81,
      82,
      83,
      84,
      85,
      86,
      87,
      88,
      89,
      90,
      91,
      92,
      93,
      94,
      95,
      96,
      97,
      98,
      99,
      100,
      101,
      102,
      103
    ],
    "loss": [
      0.7677184343338013,
      0.762146532535553,
      0.7583713531494141,
      0.7498596906661987,
      0.7422610521316528,
      0.7321850657463074,
      0.7209490537643433,
      0.7171744704246521,
      0.7246540188789368,
      0.724823534488678,
      0.7241991758346558,
      0.7216476202011108,
      0.7183519005775452,
      0.7155629396438599,
      0.7128695249557495,
      0.7103179097175598,
      0.7077313661575317,
      0.7042012214660645,
      0.7032092213630676,
      0.7018369436264038,
      0.6979014277458191,
      0.6971904039382935,
      0.6953640580177307,
      0.6956980228424072,
      0.6919869780540466,
      0.692880392074585,
      0.6920735836029053,
      0.6891334652900696,
      0.6893934011459351,
      0.6793262958526611,
      0.679878830909729,
      0.6803048849105835,
      0.687126636505127,
      0.7052363157272339,
      0.7158015370368958,
      0.7176721692085266,
      0.7180836200714111,
      0.7205296158790588,
      0.7236167788505554,
      0.7212446331977844,
      0.7194809317588806,
      0.7169667482376099,
      0.7247076630592346,
      0.7179698944091797,
      0.7166374921798706,
      0.7162185907363892,
      0.717825174331665,
      0.714134931564331,
      0.7128453254699707,
      0.7164222002029419,
      0.7168903946876526,
      0.7105923891067505,
      0.712483286857605,
      0.7101166248321533,
      0.7143534421920776,
      0.7097309231758118,
      0.7127983570098877,
      0.7120249271392822,
      0.7111508846282959,
      0.7122370004653931,
      0.7123187184333801,
      0.710379421710968,
      0.7101913094520569,
      0.7080318927764893,
      0.706304132938385,
      0.7087632417678833,
      0.706775963306427,
      0.7068309783935547,
      0.7084760665893555,
      0.7084160447120667,
      0.7013840079307556,
      0.7076331973075867,
      0.7022060751914978,
      0.7026828527450562,
      0.6990206837654114,
      0.7003321647644043,
      0.7001646757125854,
      0.6966071724891663,
      0.6952100992202759,
      0.7024807929992676,
      0.7003122568130493,
      0.6925982236862183,
      0.6942541599273682,
      0.6893877983093262,
      0.6929323673248291,
      0.693847119808197,
      0.6804473400115967,
      0.6827459335327148,
      0.6811473369598389,
      0.6792665123939514,
      0.6850839257240295,
      0.6852328181266785,
      0.6898600459098816,
      0.6858651041984558,
      0.6855880618095398,
      0.6827639937400818,
      0.6734336018562317,
      0.6777402758598328,
      0.6810303926467896,
      0.6733589768409729,
      0.6838564276695251,
      0.674088180065155,
      0.6620616316795349
    ],
    "test_auc": [
      0.7023479261780639,
      0.6940883314735875,
      0.7046638905413445,
      0.7016344877837579,
      0.6985307421265872,
      0.6985512286642566,
      0.7020603402454865,
      0.653218533628546,
      0.6396821418639933,
      0.6390707137551964,
      0.6378144877133574,
      0.6369320177831594,
      0.6333995332448634,
      0.629841282133416,
      0.6252138590371328,
      0.6213288793300691,
      0.6167776999461436,
      0.6131341234613097,
      0.6097620816011884,
      0.6063901101415401,
      0.6033600737796958,
      0.6007420913868541,
      0.5981831749909359,
      0.5966209180925697,
      0.5953040772433991,
      0.5943244546603353,
      0.5936550165617113,
      0.5933474368947759,
      0.5940389807419506,
      0.5961300155937048,
      0.5992020106375114,
      0.6623142043514532,
      0.6946161942208252,
      0.6981994375002201,
      0.6998713783356624,
      0.6913529210916297,
      0.6928459039244744,
      0.6883937076057149,
      0.6809962370947132,
      0.6788546547032797,
      0.672668776334177,
      0.6703544311817775,
      0.6691524839046918,
      0.6698662743013634,
      0.6675459451087511,
      0.6648979017138995,
      0.6632304665087349,
      0.6670442713375033,
      0.6708385048347525,
      0.6734936586773863,
      0.6734971083005679,
      0.6743546564632914,
      0.6744857421441872,
      0.674181400899014,
      0.6714455681142177,
      0.6724102657969862,
      0.672578452527201,
      0.6714944964430161,
      0.6723153659592592,
      0.6714885828032765,
      0.6670929180644094,
      0.6677149062441698,
      0.6680750750645044,
      0.6680248795271905,
      0.6718940895282816,
      0.6726917268884047,
      0.6734642312796342,
      0.6739020518217883,
      0.6738788196656682,
      0.6731673524846087,
      0.6729629095107519,
      0.6731587636268915,
      0.6701366825185066,
      0.6685399293883256,
      0.6679810904329277,
      0.6675636860279701,
      0.6683351344121032,
      0.6663734956298906,
      0.6638672387878446,
      0.6606357162720133,
      0.6586307811988497,
      0.6570732411321805,
      0.6526877844619117,
      0.6473393901207016,
      0.6475425658860428,
      0.6462997159340911,
      0.644502884659385,
      0.6456027512504885,
      0.6292541421878355,
      0.6253859177933676,
      0.6198647606911919,
      0.6135879953113285,
      0.600056461179419,
      0.5858981516355789,
      0.573629390789506,
      0.568758030053962,
      0.5644676140223663,
      0.5604251484569976,
      0.5579267060674646,
      0.5543284674873015,
      0.5542818623741151,
      0.5542332156472092,
      0.554182175304218
    ],