{
  "best_val_f1_weighted": 0.3333333333333333,
  "best_test_metrics": {
    "accuracy": 0.6060606060606061,
    "f1_macro": 0.37735849056603776,
    "f1_micro": 0.6060606060606061,
    "f1_weighted": 0.45740423098913663
  },
  "timing": {
    "total_train_loop_sec": 15.932147239800543,
    "total_train_step_sec": 10.239719472592697,
    "total_eval_during_train_sec": 5.685992532875389,
    "avg_sec_per_epoch": 0.1577440320772331,
    "total_test_eval_sec": 0.06349250115454197
  },
  "curves": {
    "epoch": [
      1,
      2,
      3,
      4,
      5,
      6,
      7,
      8,
      9,
      10,
      11,
      12,
      13,
      14,
      15,
      16,
      17,
      18,
      19,
      20,
      21,
      22,
      23,
      24,
      25,
      26,
      27,
      28,
      29,
      30,
      31,
      32,
      33,
      34,
      35,
      36,
      37,
      38,
      39,
      40,
      41,
      42,
      43,
      44,
      45,
      46,
      47,
      48,
      49,
      50,
      51,
      52,
      53,
      54,
      55,
      56,
      57,
      58,
      59,
      60,
      61,
      62,
      63,
      64,
      65,
      66,
      67,
      68,
      69,
      70,
      71,
      72,
      73,
      74,
      75,
      76,
      77,
      78,
      79,
      80,
      81,
      82,
      83,
      84,
      85,
      86,
      87,
      88,
      89,
      90,
      91,
      92,
      93,
      94,
      95,
      96,
      97,
      98,
      99,
      100,
      101
    ],
    "loss": [
      0.6939886808395386,
      0.6922411322593689,
      0.6909310817718506,
      0.6900733709335327,
      0.6893659830093384,
      0.688602089881897,
      0.6876853704452515,
      0.6870396733283997,
      0.6874858140945435,
      0.686587929725647,
      0.686266303062439,
      0.6858988404273987,
      0.6864660382270813,
      0.6872722506523132,
      0.6857866048812866,
      0.6848129630088806,
      0.6852818131446838,
      0.684856116771698,
      0.6822688579559326,
      0.6830018162727356,
      0.684817910194397,
      0.682547390460968,
      0.6841498017311096,
      0.6811692118644714,
      0.6828706860542297,
      0.678537130355835,
      0.6826334595680237,
      0.6822222471237183,
      0.6794405579566956,
      0.6797751188278198,
      0.6805429458618164,
      0.6775996685028076,
      0.6791334748268127,
      0.6786807775497437,
      0.6780169606208801,
      0.6804144382476807,
      0.6765795350074768,
      0.6793603897094727,
      0.6770865321159363,
      0.6818966269493103,
      0.6786995530128479,
      0.6794894337654114,
      0.6802472472190857,
      0.6781628727912903,
      0.6760206818580627,
      0.6762697100639343,
      0.6795778870582581,
      0.6774436235427856,
      0.6737792491912842,
      0.6760597229003906,
      0.6765442490577698,
      0.6772125363349915,
      0.6794856786727905,
      0.6762629747390747,
      0.6798112988471985,
      0.6762517690658569,
      0.6732932329177856,
      0.6770033240318298,
      0.673439621925354,
      0.6780750751495361,
      0.676886796951294,
      0.6765932440757751,
      0.6786242723464966,
      0.6721454858779907,
      0.6731645464897156,
      0.6780180335044861,
      0.6804361939430237,
      0.6761006116867065,
      0.6708812713623047,
      0.6774147748947144,
      0.6783125996589661,
      0.6773382425308228,
      0.6745154857635498,
      0.6798754930496216,
      0.679466962814331,
      0.6739223003387451,
      0.6772812604904175,
      0.6774724125862122,
      0.673068642616272,
      0.6773247718811035,
      0.67564857006073,
      0.6763704419136047,
      0.6718713641166687,
      0.6753885746002197,
      0.6763668060302734,
      0.6742569208145142,
      0.6775238513946533,
      0.6727235913276672,
      0.6722636818885803,
      0.6729840636253357,
      0.6718724370002747,
      0.6775111556053162,
      0.6771324872970581,
      0.6762868165969849,
      0.6778285503387451,
      0.6710944771766663,
      0.6767274737358093,
      0.6733251214027405,
      0.6775192022323608,
      0.6735628247261047,
      0.679080069065094
    ],
    "val_f1_weighted": [
      0.3333333333333333,
      0.3333333333333333,
      0.3333333333333333,
      0.3333333333333333,
      0.3333333333333333,
      0.3333333333333333,
      0.3333333333333333,
      0.3333333333333333,
      0.3333333333333333,
      0.3333333333333333,
      0.3333333333333333,
      0.3333333333333333,
      0.3333333333333333,
      0.3333333333333333,
      0.3333333333333333,
      0.3333333333333333,
      0.3333333333333333,
      0.3333333333333333,
      0.3333333333333333,
      0.3333333333333333,
      0.3333333333333333,
      0.3333333333333333,
      0.3333333333333333,
      0.3333333333333333,
      0.3333333333333333,
      0.3333333333333333,
      0.3333333333333333,
      0.3333333333333333,
      0.3333333333333333,
      0.3333333333333333,
      0.3333333333333333,
      0.3333333333333333,
      0.3333333333333333,
      0.3333333333333333,
      0.3333333333333333,
      0.3333333333333333,
      0.3333333333333333,
      0.3333333333333333,
      0.3333333333333333,
      0.3333333333333333,
      0.3333333333333333,
      0.3333333333333333,
      0.3333333333333333,
      0.3333333333333333,
      0.3333333333333333,
      0.3333333333333333,
      0.3333333333333333,
      0.3333333333333333,
      0.3333333333333333,
      0.3333333333333333,
      0.3333333333333333,
      0.3333333333333333,
      0.3333333333333333,
      0.3333333333333333,
      0.3333333333333333,
      0.3333333333333333,
      0.3333333333333333,
      0.3333333333333333,
      0.3333333333333333,
      0.3333333333333333,
      0.3333333333333333,
      0.3333333333333333,
      0.3333333333333333,
      0.3333333333333333,
      0.3333333333333333,
      0.3333333333333333,
      0.3333333333333333,
      0.3333333333333333,
      0.3333333333333333,
      0.3333333333333333,
      0.3333333333333333,
      0.3333333333333333,
      0.3333333333333333,
      0.3333333333333333,
      0.3333333333333333,
      0.3333333333333333,
      0.3333333333333333,
      0.3333333333333333,
      0.3333333333333333,
      0.3333333333333333,
      0.3333333333333333,
      0.3333333333333333,
      0.3333333333333333,
      0.3333333333333333,
      0.3333333333333333,
      0.3333333333333333,
      0.3333333333333333,
      0.3333333333333333,
      0.3333333333333333,
      0.3333333333333333,
      0.3333333333333333,
      0.3333333333333333,
      0.3333333333333333,
      0.3333333333333333,
      0.3333333333333333,
      0.3333333333333333,
      0.3333333333333333,
      0.3333333333333333,
      0.3333333333333333,
      0.3333333333333333,
      0.3333333333333333
    ],