{
  "best_val_f1_weighted": 0.10598985208118333,
  "best_test_metrics": {
    "accuracy": 0.2546052631578947,
    "f1_macro": 0.0811746198217095,
    "f1_micro": 0.2546052631578947,
    "f1_weighted": 0.10333742720724202
  },
  "timing": {
    "total_train_loop_sec": 18.239162818994373,
    "total_train_step_sec": 11.455718937097117,
    "total_eval_during_train_sec": 6.776348425308242,
    "avg_sec_per_epoch": 0.1788153217548468,
    "total_test_eval_sec": 0.066215526079759
  },
  "curves": {
    "epoch": [
      1,
      2,
      3,
      4,
      5,
      6,
      7,
      8,
      9,
      10,
      11,
      12,
      13,
      14,
      15,
      16,
      17,
      18,
      19,
      20,
      21,
      22,
      23,
      24,
      25,
      26,
      27,
      28,
      29,
      30,
      31,
      32,
      33,
      34,
      35,
      36,
      37,
      38,
      39,
      40,
      41,
      42,
      43,
      44,
      45,
      46,
      47,
      48,
      49,
      50,
      51,
      52,
      53,
      54,
      55,
      56,
      57,
      58,
      59,
      60,
      61,
      62,
      63,
      64,
      65,
      66,
      67,
      68,
      69,
      70,
      71,
      72,
      73,
      74,
      75,
      76,
      77,
      78,
      79,
      80,
      81,
      82,
      83,
      84,
      85,
      86,
      87,
      88,
      89,
      90,
      91,
      92,
      93,
      94,
      95,
      96,
      97,
      98,
      99,
      100,
      101,
      102
    ],
    "loss": [
      1.6133044958114624,
      1.6096798181533813,
      1.6064482927322388,
      1.603503942489624,
      1.600602149963379,
      1.5981457233428955,
      1.5957916975021362,
      1.5936760902404785,
      1.5918318033218384,
      1.5901901721954346,
      1.5889081954956055,
      1.5877373218536377,
      1.586578607559204,
      1.5854369401931763,
      1.584355115890503,
      1.5834755897521973,
      1.5823346376419067,
      1.581386923789978,
      1.5805835723876953,
      1.5798991918563843,
      1.5792534351348877,
      1.5786430835723877,
      1.578188419342041,
      1.5778180360794067,
      1.5775411128997803,
      1.5773721933364868,
      1.5771201848983765,
      1.576946496963501,
      1.5767903327941895,
      1.5767114162445068,
      1.576736330986023,
      1.5767930746078491,
      1.576840877532959,
      1.5769821405410767,
      1.576470971107483,
      1.576643705368042,
      1.5765235424041748,
      1.5762516260147095,
      1.5763641595840454,
      1.576461672782898,
      1.5760796070098877,
      1.576006293296814,
      1.5760576725006104,
      1.576001763343811,
      1.5761345624923706,
      1.5760424137115479,
      1.5760607719421387,
      1.5759516954421997,
      1.5758161544799805,
      1.5760177373886108,
      1.5761348009109497,
      1.576130747795105,
      1.575844168663025,
      1.5769699811935425,
      1.5772733688354492,
      1.5768893957138062,
      1.5772464275360107,
      1.576699137687683,
      1.5771156549453735,
      1.5768715143203735,
      1.5770177841186523,
      1.5767146348953247,
      1.5772607326507568,
      1.5772531032562256,
      1.5770337581634521,
      1.5768816471099854,
      1.5776982307434082,
      1.5778647661209106,
      1.5776684284210205,
      1.5783785581588745,
      1.578061819076538,
      1.577609896659851,
      1.5779889822006226,
      1.5776532888412476,
      1.5767630338668823,
      1.5777667760849,
      1.5786405801773071,
      1.5788182020187378,
      1.5787931680679321,
      1.5780887603759766,
      1.5783923864364624,
      1.5782151222229004,
      1.5776104927062988,
      1.578640341758728,
      1.5783720016479492,
      1.5797042846679688,
      1.5786874294281006,
      1.57846200466156,
      1.5788586139678955,
      1.5794275999069214,
      1.5793014764785767,
      1.57820463180542,
      1.5788109302520752,
      1.5795316696166992,
      1.5798941850662231,
      1.5796616077423096,
      1.5800334215164185,
      1.5805948972702026,
      1.5802170038223267,
      1.5799001455307007,
      1.5799487829208374,
      1.5803629159927368
    ],
    "val_f1_weighted": [
      0.08782385930461283,
      0.10598985208118333,
      0.10598985208118333,
      0.10598985208118333,
      0.10598985208118333,
      0.10598985208118333,
      0.10598985208118333,
      0.10598985208118333,
      0.10598985208118333,
      0.10598985208118333,
      0.10598985208118333,
      0.10598985208118333,
      0.10598985208118333,
      0.10598985208118333,
      0.10598985208118333,
      0.10598985208118333,
      0.10598985208118333,
      0.10598985208118333,
      0.10598985208118333,
      0.10598985208118333,
      0.10598985208118333,
      0.10598985208118333,
      0.10598985208118333,
      0.10598985208118333,
      0.10598985208118333,
      0.10598985208118333,
      0.10598985208118333,
      0.10598985208118333,
      0.10598985208118333,
      0.10598985208118333,
      0.10598985208118333,
      0.10598985208118333,
      0.10598985208118333,
      0.10598985208118333,
      0.10598985208118333,
      0.10598985208118333,
      0.10598985208118333,
      0.10598985208118333,
      0.10598985208118333,
      0.10598985208118333,
      0.10598985208118333,
      0.10598985208118333,
      0.10598985208118333,
      0.10598985208118333,
      0.10598985208118333,
      0.10598985208118333,
      0.10598985208118333,
      0.10598985208118333,
      0.10598985208118333,
      0.10598985208118333,
      0.10598985208118333,
      0.10598985208118333,
      0.10598985208118333,
      0.10598985208118333,
      0.10598985208118333,
      0.10598985208118333,
      0.10598985208118333,
      0.10598985208118333,
      0.10598985208118333,
      0.10598985208118333,
      0.10598985208118333,
      0.10598985208118333,
      0.10598985208118333,
      0.10598985208118333,
      0.10598985208118333,
      0.10598985208118333,
      0.10598985208118333,
      0.10598985208118333,
      0.10598985208118333,
      0.10598985208118333,
      0.10598985208118333,
      0.10598985208118333,
      0.10598985208118333,
      0.10598985208118333,
      0.10598985208118333,
      0.10598985208118333,
      0.10598985208118333,
      0.10598985208118333,
      0.10598985208118333,
      0.10598985208118333,
      0.10598985208118333,
      0.10598985208118333,
      0.10598985208118333,
      0.10598985208118333,
      0.10585567178816606,
      0.10585567178816606,
      0.10585567178816606,
      0.10585567178816606,
      0.10585567178816606,
      0.10585567178816606,
      0.10572140373825342,
      0.10572140373825342,
      0.1055870478453248,
      0.1055870478453248,
      0.10545260402314688,
      0.10572140373825342,
      0.10585567178816606,
      0.10572140373825342,
      0.10572140373825342,
      0.10572140373825342,
      0.10572140373825342,
      0.10572140373825342
    ],