{
  "best_val_f1_weighted": 0.16358908230112673,
  "best_test_metrics": {
    "accuracy": 0.2625,
    "f1_macro": 0.1335052960325198,
    "f1_micro": 0.2625,
    "f1_weighted": 0.16903517867532655
  },
  "timing": {
    "total_train_loop_sec": 20.383531260071322,
    "total_train_step_sec": 12.812601614743471,
    "total_eval_during_train_sec": 7.562948536127806,
    "avg_sec_per_epoch": 0.17880290579009933,
    "total_test_eval_sec": 0.06592344609089196
  },
  "curves": {
    "epoch": [
      1,
      2,
      3,
      4,
      5,
      6,
      7,
      8,
      9,
      10,
      11,
      12,
      13,
      14,
      15,
      16,
      17,
      18,
      19,
      20,
      21,
      22,
      23,
      24,
      25,
      26,
      27,
      28,
      29,
      30,
      31,
      32,
      33,
      34,
      35,
      36,
      37,
      38,
      39,
      40,
      41,
      42,
      43,
      44,
      45,
      46,
      47,
      48,
      49,
      50,
      51,
      52,
      53,
      54,
      55,
      56,
      57,
      58,
      59,
      60,
      61,
      62,
      63,
      64,
      65,
      66,
      67,
      68,
      69,
      70,
      71,
      72,
      73,
      74,
      75,
      76,
      77,
      78,
      79,
      80,
      81,
      82,
      83,
      84,
      85,
      86,
      87,
      88,
      89,
      90,
      91,
      92,
      93,
      94,
      95,
      96,
      97,
      98,
      99,
      100,
      101,
      102,
      103,
      104,
      105,
      106,
      107,
      108,
      109,
      110,
      111,
      112,
      113,
      114
    ],
    "loss": [
      1.6048864126205444,
      1.6017290353775024,
      1.599170207977295,
      1.596817135810852,
      1.594457983970642,
      1.592591643333435,
      1.5908725261688232,
      1.5892521142959595,
      1.5878609418869019,
      1.5864657163619995,
      1.585384488105774,
      1.5843658447265625,
      1.583188772201538,
      1.5823829174041748,
      1.5814491510391235,
      1.580613374710083,
      1.5799288749694824,
      1.5791542530059814,
      1.5786887407302856,
      1.578226089477539,
      1.577899694442749,
      1.5775809288024902,
      1.5774517059326172,
      1.5773154497146606,
      1.577324628829956,
      1.5772433280944824,
      1.577161192893982,
      1.5770736932754517,
      1.577089786529541,
      1.5772236585617065,
      1.5771657228469849,
      1.577102780342102,
      1.5770586729049683,
      1.5771063566207886,
      1.5770665407180786,
      1.576874017715454,
      1.5768988132476807,
      1.5769044160842896,
      1.5768616199493408,
      1.5765721797943115,
      1.5765206813812256,
      1.5765454769134521,
      1.5761637687683105,
      1.5761338472366333,
      1.5758886337280273,
      1.5759793519973755,
      1.5759154558181763,
      1.575710654258728,
      1.5759261846542358,
      1.5757498741149902,
      1.5753076076507568,
      1.5758198499679565,
      1.5754386186599731,
      1.5754272937774658,
      1.575607419013977,
      1.575627326965332,
      1.5752592086791992,
      1.5756627321243286,
      1.5755218267440796,
      1.5753300189971924,
      1.5756303071975708,
      1.5752297639846802,
      1.5751768350601196,
      1.5754456520080566,
      1.5752664804458618,
      1.5756123065948486,
      1.575238823890686,
      1.575242519378662,
      1.5755434036254883,
      1.575443148612976,
      1.575292706489563,
      1.5750244855880737,
      1.5752354860305786,
      1.5751103162765503,
      1.5750831365585327,
      1.575055480003357,
      1.5751643180847168,
      1.5750313997268677,
      1.5750311613082886,
      1.575291395187378,
      1.5752084255218506,
      1.5748577117919922,
      1.5750927925109863,
      1.575128197669983,
      1.5751137733459473,
      1.575119972229004,
      1.575014352798462,
      1.575089454650879,
      1.57500159740448,
      1.5748542547225952,
      1.5748205184936523,
      1.5751368999481201,
      1.5752949714660645,
      1.5749722719192505,
      1.5750826597213745,
      1.575097918510437,
      1.5749573707580566,
      1.5744799375534058,
      1.5751140117645264,
      1.5748010873794556,
      1.5749772787094116,
      1.574735164642334,
      1.5747573375701904,
      1.5746729373931885,
      1.5750527381896973,
      1.5747877359390259,
      1.5748387575149536,
      1.5745841264724731,
      1.574751853942871,
      1.5748766660690308,
      1.57516348361969,
      1.5747722387313843,
      1.5748741626739502,
      1.5749369859695435
    ],
    "val_f1_weighted": [
      0.09270778781530942,
      0.09270778781530942,
      0.09270778781530942,
      0.09270778781530942,
      0.09270778781530942,
      0.09270778781530942,
      0.09270778781530942,
      0.09270778781530942,
      0.09270778781530942,
      0.09270778781530942,
      0.10501289375674006,
      0.10623108418725657,
      0.13326936027852862,
      0.16358908230112673,
      0.11861553471451612,
      0.10687404157684623,
      0.10602450061079474,
      0.10598985208118333,
      0.10598985208118333,
      0.10598985208118333,
      0.10598985208118333,
      0.10598985208118333,
      0.10598985208118333,
      0.10598985208118333,
      0.10598985208118333,
      0.10598985208118333,
      0.10598985208118333,
      0.10598985208118333,
      0.10598985208118333,
      0.10598985208118333,
      0.10598985208118333,
      0.10598985208118333,
      0.10598985208118333,
      0.10598985208118333,
      0.10598985208118333,
      0.10598985208118333,
      0.10598985208118333,
      0.10598985208118333,
      0.10598985208118333,
      0.10598985208118333,
      0.10598985208118333,
      0.10598985208118333,
      0.10598985208118333,
      0.10598985208118333,
      0.10598985208118333,
      0.10598985208118333,
      0.10598985208118333,
      0.10598985208118333,
      0.10598985208118333,
      0.10598985208118333,
      0.10598985208118333,
      0.10598985208118333,
      0.10598985208118333,
      0.10598985208118333,
      0.10598985208118333,
      0.10598985208118333,
      0.10598985208118333,
      0.10598985208118333,
      0.10598985208118333,
      0.10598985208118333,
      0.10598985208118333,
      0.10598985208118333,
      0.10598985208118333,
      0.10598985208118333,
      0.10598985208118333,
      0.10598985208118333,
      0.10598985208118333,
      0.10598985208118333,
      0.10598985208118333,
      0.10598985208118333,
      0.10598985208118333,
      0.10598985208118333,
      0.10598985208118333,
      0.10598985208118333,
      0.10598985208118333,
      0.10598985208118333,
      0.10598985208118333,
      0.10598985208118333,
      0.10598985208118333,
      0.10598985208118333,
      0.10598985208118333,
      0.10598985208118333,
      0.10598985208118333,
      0.10598985208118333,
      0.10598985208118333,
      0.10598985208118333,
      0.10598985208118333,
      0.10598985208118333,
      0.10598985208118333,
      0.10598985208118333,
      0.10598985208118333,
      0.10598985208118333,
      0.10598985208118333,
      0.10598985208118333,
      0.10598985208118333,
      0.10598985208118333,
      0.10598985208118333,
      0.10598985208118333,
      0.10598985208118333,
      0.10598985208118333,
      0.10598985208118333,
      0.10598985208118333,
      0.10598985208118333,
      0.10598985208118333,
      0.10598985208118333,
      0.10598985208118333,
      0.10598985208118333,
      0.10598985208118333,
      0.10598985208118333,
      0.10598985208118333,
      0.10598985208118333,
      0.10598985208118333,
      0.10598985208118333,
      0.10598985208118333
    ],