{
  "best_val_f1_weighted": 0.1736413390349653,
  "best_test_metrics": {
    "accuracy": 0.22631578947368422,
    "f1_macro": 0.16338273707154358,
    "f1_micro": 0.22631578947368422,
    "f1_weighted": 0.17581827468124395
  },
  "timing": {
    "total_train_loop_sec": 20.345816196873784,
    "total_train_step_sec": 12.998549751006067,
    "total_eval_during_train_sec": 7.339970858301967,
    "avg_sec_per_epoch": 0.2014437247215226,
    "total_test_eval_sec": 0.06633824715390801
  },
  "curves": {
    "epoch": [
      1,
      2,
      3,
      4,
      5,
      6,
      7,
      8,
      9,
      10,
      11,
      12,
      13,
      14,
      15,
      16,
      17,
      18,
      19,
      20,
      21,
      22,
      23,
      24,
      25,
      26,
      27,
      28,
      29,
      30,
      31,
      32,
      33,
      34,
      35,
      36,
      37,
      38,
      39,
      40,
      41,
      42,
      43,
      44,
      45,
      46,
      47,
      48,
      49,
      50,
      51,
      52,
      53,
      54,
      55,
      56,
      57,
      58,
      59,
      60,
      61,
      62,
      63,
      64,
      65,
      66,
      67,
      68,
      69,
      70,
      71,
      72,
      73,
      74,
      75,
      76,
      77,
      78,
      79,
      80,
      81,
      82,
      83,
      84,
      85,
      86,
      87,
      88,
      89,
      90,
      91,
      92,
      93,
      94,
      95,
      96,
      97,
      98,
      99,
      100,
      101
    ],
    "loss": [
      1.6109049320220947,
      1.607616662979126,
      1.6047130823135376,
      1.6018587350845337,
      1.5994247198104858,
      1.5971275568008423,
      1.5950123071670532,
      1.5931615829467773,
      1.5916355848312378,
      1.5897088050842285,
      1.5881270170211792,
      1.5862854719161987,
      1.5850372314453125,
      1.5835989713668823,
      1.5825814008712769,
      1.5814664363861084,
      1.5809928178787231,
      1.5803955793380737,
      1.579707384109497,
      1.579298734664917,
      1.5788817405700684,
      1.5784711837768555,
      1.57817542552948,
      1.5778707265853882,
      1.5775783061981201,
      1.577405333518982,
      1.5771663188934326,
      1.5770479440689087,
      1.576974868774414,
      1.5770963430404663,
      1.5767574310302734,
      1.5768109560012817,
      1.5767487287521362,
      1.5768200159072876,
      1.5770070552825928,
      1.57650887966156,
      1.5761935710906982,
      1.5763354301452637,
      1.5758707523345947,
      1.5762194395065308,
      1.5757137537002563,
      1.5757508277893066,
      1.5753679275512695,
      1.5749776363372803,
      1.574864387512207,
      1.5749363899230957,
      1.574619174003601,
      1.5746805667877197,
      1.5738526582717896,
      1.5735734701156616,
      1.5735148191452026,
      1.5731515884399414,
      1.573775291442871,
      1.573135495185852,
      1.573612093925476,
      1.5733251571655273,
      1.5736063718795776,
      1.5733221769332886,
      1.5728890895843506,
      1.5730457305908203,
      1.5730060338974,
      1.573062539100647,
      1.5733522176742554,
      1.5733559131622314,
      1.573429822921753,
      1.5729025602340698,
      1.5732097625732422,
      1.5730801820755005,
      1.5731379985809326,
      1.5731685161590576,
      1.5729533433914185,
      1.5731263160705566,
      1.5729535818099976,
      1.5733164548873901,
      1.5732825994491577,
      1.5727837085723877,
      1.5732882022857666,
      1.5731526613235474,
      1.573108196258545,
      1.5737804174423218,
      1.5724889039993286,
      1.5740066766738892,
      1.572887897491455,
      1.5726860761642456,
      1.5737122297286987,
      1.5726478099822998,
      1.5731935501098633,
      1.57290780544281,
      1.5729939937591553,
      1.573387622833252,
      1.5727801322937012,
      1.5730206966400146,
      1.5736044645309448,
      1.572663426399231,
      1.5724834203720093,
      1.5726608037948608,
      1.5728254318237305,
      1.5725061893463135,
      1.5733391046524048,
      1.5724464654922485,
      1.5730509757995605
    ],
    "val_f1_weighted": [
      0.1736413390349653,
      0.15777147134959046,
      0.13776108988627106,
      0.12285566379127703,
      0.11002719957835687,
      0.10677292373800613,
      0.10687852235660224,
      0.10598985208118333,
      0.10598985208118333,
      0.10598985208118333,
      0.10598985208118333,
      0.10598985208118333,
      0.10598985208118333,
      0.10598985208118333,
      0.10598985208118333,
      0.10598985208118333,
      0.10598985208118333,
      0.10598985208118333,
      0.10598985208118333,
      0.10598985208118333,
      0.10598985208118333,
      0.10598985208118333,
      0.10598985208118333,
      0.10598985208118333,
      0.10598985208118333,
      0.10598985208118333,
      0.10598985208118333,
      0.10598985208118333,
      0.10598985208118333,
      0.10598985208118333,
      0.10598985208118333,
      0.10598985208118333,
      0.10598985208118333,
      0.10598985208118333,
      0.10598985208118333,
      0.10598985208118333,
      0.10598985208118333,
      0.10598985208118333,
      0.10598985208118333,
      0.10598985208118333,
      0.10598985208118333,
      0.10598985208118333,
      0.10598985208118333,
      0.10598985208118333,
      0.10598985208118333,
      0.10598985208118333,
      0.10598985208118333,
      0.10598985208118333,
      0.10592492639842983,
      0.10860412928432144,
      0.10860412928432144,
      0.1094613954223385,
      0.1094613954223385,
      0.1094613954223385,
      0.1094613954223385,
      0.1094613954223385,
      0.11028524419482408,
      0.11028524419482408,
      0.11039719059670669,
      0.11039719059670669,
      0.11025518891651616,
      0.11025518891651616,
      0.11028328661980992,
      0.1110962227368338,
      0.1110962227368338,
      0.11112303842862399,
      0.11112303842862399,
      0.11112303842862399,
      0.11114990619309782,
      0.11117682590139893,
      0.11117682590139893,
      0.11117682590139893,
      0.11117682590139893,
      0.11117682590139893,
      0.11117682590139893,
      0.11117682590139893,
      0.11120379742576077,
      0.11123082063949702,
      0.11123082063949702,
      0.11128502163369587,
      0.11128502163369587,
      0.11128502163369587,
      0.11131219916610692,
      0.11131219916610692,
      0.11131219916610692,
      0.11131219916610692,
      0.11131219916610692,
      0.11139403843821685,
      0.11142142001923389,
      0.11142142001923389,
      0.11147633520503974,
      0.11147633520503974,
      0.11150386857610284,
      0.11150386857610284,
      0.11153145231177039,
      0.11150386857610284,
      0.11150386857610284,
      0.11150386857610284,
      0.11155908629763954,
      0.11155908629763954,
      0.11155908629763954
    ],