{
  "best_val_f1_weighted": 0.6358552631578948,
  "best_test_metrics": {
    "accuracy": 0.81,
    "f1_macro": 0.7617554858934169,
    "f1_micro": 0.81,
    "f1_weighted": 0.7896300940438872
  },
  "timing": {
    "total_train_loop_sec": 15.680056171957403,
    "total_train_step_sec": 10.440269282553345,
    "total_eval_during_train_sec": 5.233586054760963,
    "avg_sec_per_epoch": 0.15524808091046935,
    "total_test_eval_sec": 0.05152714601717889
  },
  "curves": {
    "epoch": [
      1,
      2,
      3,
      4,
      5,
      6,
      7,
      8,
      9,
      10,
      11,
      12,
      13,
      14,
      15,
      16,
      17,
      18,
      19,
      20,
      21,
      22,
      23,
      24,
      25,
      26,
      27,
      28,
      29,
      30,
      31,
      32,
      33,
      34,
      35,
      36,
      37,
      38,
      39,
      40,
      41,
      42,
      43,
      44,
      45,
      46,
      47,
      48,
      49,
      50,
      51,
      52,
      53,
      54,
      55,
      56,
      57,
      58,
      59,
      60,
      61,
      62,
      63,
      64,
      65,
      66,
      67,
      68,
      69,
      70,
      71,
      72,
      73,
      74,
      75,
      76,
      77,
      78,
      79,
      80,
      81,
      82,
      83,
      84,
      85,
      86,
      87,
      88,
      89,
      90,
      91,
      92,
      93,
      94,
      95,
      96,
      97,
      98,
      99,
      100,
      101
    ],
    "loss": [
      0.6917043328285217,
      0.6897663474082947,
      0.687987744808197,
      0.685669481754303,
      0.6836725473403931,
      0.6813312768936157,
      0.680385172367096,
      0.6795486807823181,
      0.6789505481719971,
      0.6774810552597046,
      0.676543653011322,
      0.6770076751708984,
      0.6763579845428467,
      0.6727727055549622,
      0.6772237420082092,
      0.673587441444397,
      0.6745280623435974,
      0.6720173954963684,
      0.6721726655960083,
      0.6696596145629883,
      0.6719929575920105,
      0.6662477850914001,
      0.6689733862876892,
      0.6694228053092957,
      0.6643728613853455,
      0.667487382888794,
      0.6658351421356201,
      0.660777747631073,
      0.6574608683586121,
      0.6612821817398071,
      0.6604127883911133,
      0.6559474468231201,
      0.6600413918495178,
      0.657275378704071,
      0.6588971018791199,
      0.6551107168197632,
      0.6538292169570923,
      0.651177704334259,
      0.6492765545845032,
      0.6493209004402161,
      0.647053062915802,
      0.6481648087501526,
      0.648618757724762,
      0.6416082978248596,
      0.642553985118866,
      0.6432312726974487,
      0.6376875042915344,
      0.6363366842269897,
      0.6363544464111328,
      0.6355422735214233,
      0.6358156204223633,
      0.6292953491210938,
      0.6310582756996155,
      0.6272486448287964,
      0.6287766098976135,
      0.6365240216255188,
      0.6306047439575195,
      0.6397894024848938,
      0.6305131316184998,
      0.6308582425117493,
      0.6388729214668274,
      0.6325355172157288,
      0.634864330291748,
      0.631316065788269,
      0.6298992037773132,
      0.634939968585968,
      0.6274378895759583,
      0.6259129047393799,
      0.6285372972488403,
      0.6258770227432251,
      0.632328987121582,
      0.631148099899292,
      0.628373384475708,
      0.6315626502037048,
      0.6322709918022156,
      0.6296339631080627,
      0.6280646324157715,
      0.624324381351471,
      0.6272796392440796,
      0.62730872631073,
      0.6330323219299316,
      0.6307041645050049,
      0.6257187128067017,
      0.627497136592865,
      0.6261523365974426,
      0.6269888281822205,
      0.6235601902008057,
      0.6208866834640503,
      0.6255612969398499,
      0.6314629912376404,
      0.63153076171875,
      0.6284663677215576,
      0.6283904314041138,
      0.6285306215286255,
      0.6264665126800537,
      0.6248288750648499,
      0.6253230571746826,
      0.6279970407485962,
      0.6288815140724182,
      0.6279081106185913,
      0.624085545539856
    ],
    "val_f1_weighted": [
      0.6358552631578948,
      0.4622360248447205,
      0.4622360248447205,
      0.4622360248447205,
      0.4622360248447205,
      0.4622360248447205,
      0.4622360248447205,
      0.4622360248447205,
      0.4622360248447205,
      0.4622360248447205,
      0.4622360248447205,
      0.4622360248447205,
      0.4622360248447205,
      0.4622360248447205,
      0.4622360248447205,
      0.4622360248447205,
      0.4622360248447205,
      0.4622360248447205,
      0.4622360248447205,
      0.4622360248447205,
      0.4622360248447205,
      0.4622360248447205,
      0.4622360248447205,
      0.4622360248447205,
      0.4622360248447205,
      0.484625,
      0.5060990949532137,
      0.5206606428677233,
      0.5206606428677233,
      0.5589247311827957,
      0.5770638057594579,
      0.6019424054206663,
      0.6019424054206663,
      0.6019424054206663,
      0.6019424054206663,
      0.6019424054206663,
      0.6019424054206663,
      0.5946015853149771,
      0.5946015853149771,
      0.5946015853149771,
      0.5946015853149771,
      0.5946015853149771,
      0.611578947368421,
      0.611578947368421,
      0.6040356804973644,
      0.6040356804973644,
      0.597214734950584,
      0.6123896499238964,
      0.6123896499238964,
      0.6123896499238964,
      0.6123896499238964,
      0.6123896499238964,
      0.6123896499238964,
      0.6123896499238964,
      0.6123896499238964,
      0.6123896499238964,
      0.6123896499238964,
      0.6123896499238964,
      0.6123896499238964,
      0.6123896499238964,
      0.6123896499238964,
      0.6123896499238964,
      0.6123896499238964,
      0.6123896499238964,
      0.6123896499238964,
      0.6123896499238964,
      0.6123896499238964,
      0.6123896499238964,
      0.6123896499238964,
      0.6123896499238964,
      0.6123896499238964,
      0.6123896499238964,
      0.6123896499238964,
      0.6123896499238964,
      0.6123896499238964,
      0.6123896499238964,
      0.6123896499238964,
      0.6123896499238964,
      0.6123896499238964,
      0.6123896499238964,
      0.6123896499238964,
      0.6123896499238964,
      0.6123896499238964,
      0.6123896499238964,
      0.6123896499238964,
      0.6123896499238964,
      0.6123896499238964,
      0.6123896499238964,
      0.6123896499238964,
      0.6123896499238964,
      0.6123896499238964,
      0.6123896499238964,
      0.6123896499238964,
      0.6123896499238964,
      0.6123896499238964,
      0.6123896499238964,
      0.6123896499238964,
      0.6123896499238964,
      0.6123896499238964,
      0.6123896499238964,
      0.6123896499238964
    ],
    "test_accuracy": [
      0.81,
      0.66,
      0.64,
      0.64,
      0.64,
      0.64,
      0.64,
      0.64,
      0.64,
      0.64,
      0.64,
      0.64,
      0.64,
      0.64,
      0.64,
      0.64,
      0.64,
      0.64,
      0.64,
      0.64,
      0.64,
      0.65,
      0.65,
      0.66,
      0.66,
      0.66,
      0.68,
      0.69,
      0.69,
      0.7,
      0.71,
      0.73,
      0.74,
      0.74,
      0.74,
      0.74,
      0.74,
      0.74,
      0.75,
      0.75,
      0.75,
      0.75,
      0.75,
      0.75,
      0.72,
      0.74,
      0.74,
      0.73,
      0.75,
      0.75,
      0.75,
      0.75,
      0.75,
      0.75,
      0.75,
      0.75,
      0.75,
      0.75,
      0.75,
      0.75,
      0.75,
      0.75,
      0.75,
      0.75,
      0.75,
      0.75,
      0.75,
      0.75,
      0.75,
      0.75,
      0.75,
      0.76,
      0.76,
      0.76,
      0.76,
      0.76,
      0.76,
      0.76,
      0.77,
      0.77,
      0.77,
      0.77,
      0.77,
      0.77,
      0.77,
      0.77,
      0.76,
      0.76,
      0.76,
      0.76,
      0.76,
      0.76,
      0.76,
      0.76,
      0.76,
      0.76,
      0.76,
      0.76,
      0.76,
      0.76,
      0.76
    ],