{
  "best_val_f1_weighted": 0.6892799383904505,
  "best_test_metrics": {
    "accuracy": 0.81,
    "f1_macro": 0.7617554858934169,
    "f1_micro": 0.81,
    "f1_weighted": 0.7896300940438872
  },
  "timing": {
    "total_train_loop_sec": 21.29677929612808,
    "total_train_step_sec": 14.16745383804664,
    "total_eval_during_train_sec": 7.1208643317222595,
    "avg_sec_per_epoch": 0.15545094376735824,
    "total_test_eval_sec": 0.05129094608128071
  },
  "curves": {
    "epoch": [
      1,
      2,
      3,
      4,
      5,
      6,
      7,
      8,
      9,
      10,
      11,
      12,
      13,
      14,
      15,
      16,
      17,
      18,
      19,
      20,
      21,
      22,
      23,
      24,
      25,
      26,
      27,
      28,
      29,
      30,
      31,
      32,
      33,
      34,
      35,
      36,
      37,
      38,
      39,
      40,
      41,
      42,
      43,
      44,
      45,
      46,
      47,
      48,
      49,
      50,
      51,
      52,
      53,
      54,
      55,
      56,
      57,
      58,
      59,
      60,
      61,
      62,
      63,
      64,
      65,
      66,
      67,
      68,
      69,
      70,
      71,
      72,
      73,
      74,
      75,
      76,
      77,
      78,
      79,
      80,
      81,
      82,
      83,
      84,
      85,
      86,
      87,
      88,
      89,
      90,
      91,
      92,
      93,
      94,
      95,
      96,
      97,
      98,
      99,
      100,
      101,
      102,
      103,
      104,
      105,
      106,
      107,
      108,
      109,
      110,
      111,
      112,
      113,
      114,
      115,
      116,
      117,
      118,
      119,
      120,
      121,
      122,
      123,
      124,
      125,
      126,
      127,
      128,
      129,
      130,
      131,
      132,
      133,
      134,
      135,
      136,
      137
    ],
    "loss": [
      0.6902427673339844,
      0.6893114447593689,
      0.6869640946388245,
      0.6860330104827881,
      0.684214174747467,
      0.6819241642951965,
      0.6805158257484436,
      0.6796565651893616,
      0.677201509475708,
      0.6776328086853027,
      0.6745618581771851,
      0.6760650873184204,
      0.6741560697555542,
      0.6739559173583984,
      0.6703275442123413,
      0.6722139120101929,
      0.6724250316619873,
      0.6675645709037781,
      0.6665297746658325,
      0.6646494269371033,
      0.6618737578392029,
      0.6634586453437805,
      0.6618497967720032,
      0.6608090996742249,
      0.6608131527900696,
      0.6591876149177551,
      0.6572121977806091,
      0.6539968848228455,
      0.6529581546783447,
      0.6471185088157654,
      0.6499941945075989,
      0.6462370157241821,
      0.6434736847877502,
      0.6348568201065063,
      0.6340309381484985,
      0.6313074231147766,
      0.6306331157684326,
      0.6221079230308533,
      0.6202701330184937,
      0.6236923933029175,
      0.6107435822486877,
      0.6097932457923889,
      0.5969374179840088,
      0.6015662550926208,
      0.5997989177703857,
      0.5931745171546936,
      0.5848003029823303,
      0.579242467880249,
      0.583832323551178,
      0.5703893303871155,
      0.5726508498191833,
      0.5676682591438293,
      0.5720981359481812,
      0.5573362112045288,
      0.5627496242523193,
      0.581846296787262,
      0.5760401487350464,
      0.567787230014801,
      0.5735227465629578,
      0.5733346343040466,
      0.567891001701355,
      0.5656625628471375,
      0.5684512853622437,
      0.5565430521965027,
      0.5745223760604858,
      0.5552791357040405,
      0.5654553174972534,
      0.5557981133460999,
      0.5546741485595703,
      0.5635227560997009,
      0.5557793974876404,
      0.5643463134765625,
      0.5602329969406128,
      0.5607191324234009,
      0.5644220113754272,
      0.5548269748687744,
      0.5649660229682922,
      0.5657729506492615,
      0.5607014894485474,
      0.5594679117202759,
      0.565411388874054,
      0.5595645904541016,
      0.5610833764076233,
      0.5703235268592834,
      0.5605087280273438,
      0.5516066551208496,
      0.5619643926620483,
      0.5498913526535034,
      0.5598437190055847,
      0.5553573369979858,
      0.551766574382782,
      0.5593090057373047,
      0.554460346698761,
      0.5580770969390869,
      0.5559759736061096,
      0.5590801239013672,
      0.56315016746521,
      0.5595144033432007,
      0.5555465221405029,
      0.558905839920044,
      0.5484841465950012,
      0.5593176484107971,
      0.5498974323272705,
      0.5527687072753906,
      0.5544611215591431,
      0.555203378200531,
      0.5536453127861023,
      0.5539411902427673,
      0.5482330322265625,
      0.5656751394271851,
      0.5636681914329529,
      0.5541555881500244,
      0.5554594397544861,
      0.5615502595901489,
      0.5512657761573792,
      0.5509328246116638,
      0.5553122162818909,
      0.5441495776176453,
      0.5508255362510681,
      0.5528354048728943,
      0.5434768795967102,
      0.5568191409111023,
      0.5543491840362549,
      0.5538979768753052,
      0.5572294592857361,
      0.5507469773292542,
      0.5526086688041687,
      0.5532556176185608,
      0.5567396879196167,
      0.5609862804412842,
      0.554399847984314,
      0.5575504302978516,
      0.5526518225669861,
      0.553604245185852,
      0.5556756258010864,
      0.5534756183624268,
      0.5610302686691284
    ],