{
  "best_val_f1_weighted": 0.1308697795918217,
  "best_test_metrics": {
    "accuracy": 0.24276315789473685,
    "f1_macro": 0.10733813315694407,
    "f1_micro": 0.24276315789473685,
    "f1_weighted": 0.12484506911183625
  },
  "timing": {
    "total_train_loop_sec": 18.064428679877892,
    "total_train_step_sec": 11.346549328882247,
    "total_eval_during_train_sec": 6.710844766814262,
    "avg_sec_per_epoch": 0.1788557295037415,
    "total_test_eval_sec": 0.06635324680246413
  },
  "curves": {
    "epoch": [
      1,
      2,
      3,
      4,
      5,
      6,
      7,
      8,
      9,
      10,
      11,
      12,
      13,
      14,
      15,
      16,
      17,
      18,
      19,
      20,
      21,
      22,
      23,
      24,
      25,
      26,
      27,
      28,
      29,
      30,
      31,
      32,
      33,
      34,
      35,
      36,
      37,
      38,
      39,
      40,
      41,
      42,
      43,
      44,
      45,
      46,
      47,
      48,
      49,
      50,
      51,
      52,
      53,
      54,
      55,
      56,
      57,
      58,
      59,
      60,
      61,
      62,
      63,
      64,
      65,
      66,
      67,
      68,
      69,
      70,
      71,
      72,
      73,
      74,
      75,
      76,
      77,
      78,
      79,
      80,
      81,
      82,
      83,
      84,
      85,
      86,
      87,
      88,
      89,
      90,
      91,
      92,
      93,
      94,
      95,
      96,
      97,
      98,
      99,
      100,
      101
    ],
    "loss": [
      1.6100354194641113,
      1.606539249420166,
      1.6032301187515259,
      1.600103497505188,
      1.5970423221588135,
      1.5945075750350952,
      1.5921697616577148,
      1.5900505781173706,
      1.588159441947937,
      1.586405873298645,
      1.585181713104248,
      1.5839415788650513,
      1.5829355716705322,
      1.581936240196228,
      1.5810636281967163,
      1.5804091691970825,
      1.5798137187957764,
      1.5793296098709106,
      1.578883409500122,
      1.5786219835281372,
      1.5782365798950195,
      1.5779941082000732,
      1.5778816938400269,
      1.5776015520095825,
      1.5775294303894043,
      1.5772923231124878,
      1.5773030519485474,
      1.5772162675857544,
      1.576925277709961,
      1.576936960220337,
      1.5770361423492432,
      1.5769550800323486,
      1.5769075155258179,
      1.576810359954834,
      1.5767923593521118,
      1.5767107009887695,
      1.5767464637756348,
      1.5767481327056885,
      1.5768616199493408,
      1.5763399600982666,
      1.5764741897583008,
      1.5761816501617432,
      1.5762189626693726,
      1.5762122869491577,
      1.5759670734405518,
      1.5759574174880981,
      1.5756072998046875,
      1.5758812427520752,
      1.5761198997497559,
      1.576056718826294,
      1.5757901668548584,
      1.5764440298080444,
      1.5762087106704712,
      1.5763518810272217,
      1.576084017753601,
      1.5760395526885986,
      1.5764739513397217,
      1.5760565996170044,
      1.5765461921691895,
      1.576287031173706,
      1.5762850046157837,
      1.5766005516052246,
      1.576531171798706,
      1.5760520696640015,
      1.5762577056884766,
      1.5762306451797485,
      1.5760506391525269,
      1.5762736797332764,
      1.5761287212371826,
      1.5766806602478027,
      1.5767452716827393,
      1.5764251947402954,
      1.5766921043395996,
      1.5764614343643188,
      1.576392650604248,
      1.5771126747131348,
      1.5764330625534058,
      1.5765581130981445,
      1.5772258043289185,
      1.5767946243286133,
      1.5766445398330688,
      1.5762120485305786,
      1.576607584953308,
      1.5771641731262207,
      1.5763622522354126,
      1.5777703523635864,
      1.5764720439910889,
      1.5772559642791748,
      1.5772422552108765,
      1.5773646831512451,
      1.5769082307815552,
      1.577216386795044,
      1.5772761106491089,
      1.5771454572677612,
      1.5774669647216797,
      1.5773502588272095,
      1.5780723094940186,
      1.5780843496322632,
      1.577684760093689,
      1.577560305595398,
      1.5782917737960815
    ],
    "val_f1_weighted": [
      0.1308697795918217,
      0.10598985208118333,
      0.10598985208118333,
      0.10598985208118333,
      0.10598985208118333,
      0.10598985208118333,
      0.10598985208118333,
      0.10598985208118333,
      0.10598985208118333,
      0.10598985208118333,
      0.10598985208118333,
      0.10598985208118333,
      0.10598985208118333,
      0.10598985208118333,
      0.10598985208118333,
      0.10598985208118333,
      0.10598985208118333,
      0.10598985208118333,
      0.10598985208118333,
      0.10598985208118333,
      0.10598985208118333,
      0.10598985208118333,
      0.10598985208118333,
      0.10598985208118333,
      0.10598985208118333,
      0.10598985208118333,
      0.10598985208118333,
      0.10598985208118333,
      0.10598985208118333,
      0.10598985208118333,
      0.10598985208118333,
      0.10598985208118333,
      0.10598985208118333,
      0.10598985208118333,
      0.10598985208118333,
      0.10598985208118333,
      0.10598985208118333,
      0.10598985208118333,
      0.10598985208118333,
      0.10598985208118333,
      0.10598985208118333,
      0.10598985208118333,
      0.10598985208118333,
      0.10598985208118333,
      0.10598985208118333,
      0.10598985208118333,
      0.10598985208118333,
      0.10598985208118333,
      0.10598985208118333,
      0.10598985208118333,
      0.10598985208118333,
      0.10598985208118333,
      0.10598985208118333,
      0.10598985208118333,
      0.10598985208118333,
      0.10598985208118333,
      0.10598985208118333,
      0.10598985208118333,
      0.10598985208118333,
      0.10598985208118333,
      0.10598985208118333,
      0.10598985208118333,
      0.10598985208118333,
      0.10598985208118333,
      0.10598985208118333,
      0.10598985208118333,
      0.10598985208118333,
      0.10598985208118333,
      0.10598985208118333,
      0.10598985208118333,
      0.10598985208118333,
      0.10598985208118333,
      0.10598985208118333,
      0.10598985208118333,
      0.10598985208118333,
      0.10598985208118333,
      0.10598985208118333,
      0.10598985208118333,
      0.10598985208118333,
      0.10598985208118333,
      0.10598985208118333,
      0.10602450061079474,
      0.10602450061079474,
      0.10602450061079474,
      0.10602450061079474,
      0.10602450061079474,
      0.10602450061079474,
      0.10602450061079474,
      0.10602450061079474,
      0.10602450061079474,
      0.10602450061079474,
      0.10602450061079474,
      0.10602450061079474,
      0.10589028776978418,
      0.10589028776978418,
      0.10589028776978418,
      0.10589028776978418,
      0.10589028776978418,
      0.10589028776978418,
      0.10589028776978418,
      0.10589028776978418
    ],