{
  "best_val_f1_weighted": 0.3743505605687722,
  "best_test_metrics": {
    "accuracy": 0.5507246376811594,
    "f1_macro": 0.35514018691588783,
    "f1_micro": 0.5507246376811594,
    "f1_weighted": 0.3911689015305431
  },
  "timing": {
    "total_train_loop_sec": 15.227969647850841,
    "total_train_step_sec": 9.892683478305116,
    "total_eval_during_train_sec": 5.329074371838942,
    "avg_sec_per_epoch": 0.15077197671139447,
    "total_test_eval_sec": 0.0522903089877218
  },
  "curves": {
    "epoch": [
      1,
      2,
      3,
      4,
      5,
      6,
      7,
      8,
      9,
      10,
      11,
      12,
      13,
      14,
      15,
      16,
      17,
      18,
      19,
      20,
      21,
      22,
      23,
      24,
      25,
      26,
      27,
      28,
      29,
      30,
      31,
      32,
      33,
      34,
      35,
      36,
      37,
      38,
      39,
      40,
      41,
      42,
      43,
      44,
      45,
      46,
      47,
      48,
      49,
      50,
      51,
      52,
      53,
      54,
      55,
      56,
      57,
      58,
      59,
      60,
      61,
      62,
      63,
      64,
      65,
      66,
      67,
      68,
      69,
      70,
      71,
      72,
      73,
      74,
      75,
      76,
      77,
      78,
      79,
      80,
      81,
      82,
      83,
      84,
      85,
      86,
      87,
      88,
      89,
      90,
      91,
      92,
      93,
      94,
      95,
      96,
      97,
      98,
      99,
      100,
      101
    ],
    "loss": [
      0.6935719847679138,
      0.6912916898727417,
      0.6891934871673584,
      0.6874224543571472,
      0.6860277056694031,
      0.6853088140487671,
      0.6846545934677124,
      0.6841508150100708,
      0.6836326122283936,
      0.6839483380317688,
      0.6832481026649475,
      0.6837705969810486,
      0.6839469075202942,
      0.6843902468681335,
      0.6837852001190186,
      0.6844754815101624,
      0.6846640110015869,
      0.6836161017417908,
      0.6830201148986816,
      0.6833887100219727,
      0.6834424138069153,
      0.6827114224433899,
      0.6838066577911377,
      0.682767927646637,
      0.682502031326294,
      0.6828132271766663,
      0.6817827820777893,
      0.6815956830978394,
      0.6819161176681519,
      0.6820510625839233,
      0.6807765364646912,
      0.6817215085029602,
      0.6806410551071167,
      0.6812645792961121,
      0.6812325716018677,
      0.6811113357543945,
      0.6798554062843323,
      0.6805981993675232,
      0.6811820268630981,
      0.6794110536575317,
      0.6802423000335693,
      0.6799221038818359,
      0.680012047290802,
      0.6800886392593384,
      0.6793664693832397,
      0.6787723302841187,
      0.6787447929382324,
      0.6787858009338379,
      0.6782556176185608,
      0.6780492067337036,
      0.6792163848876953,
      0.678519070148468,
      0.6785913705825806,
      0.6794143915176392,
      0.6781924962997437,
      0.6778001189231873,
      0.6794355511665344,
      0.6773532629013062,
      0.6808484792709351,
      0.6768828630447388,
      0.677489697933197,
      0.6779305934906006,
      0.678481936454773,
      0.67735356092453,
      0.6765722036361694,
      0.6762347221374512,
      0.676039457321167,
      0.6788973212242126,
      0.6772829294204712,
      0.6757425665855408,
      0.6748743653297424,
      0.6791357398033142,
      0.676925778388977,
      0.6793476343154907,
      0.6766947507858276,
      0.6770530343055725,
      0.676886796951294,
      0.6779781579971313,
      0.6771496534347534,
      0.6771034598350525,
      0.6766417026519775,
      0.6786996126174927,
      0.6756191849708557,
      0.6776925921440125,
      0.6772536635398865,
      0.6787868142127991,
      0.6764812469482422,
      0.6770807504653931,
      0.6776586174964905,
      0.6759278178215027,
      0.6778948307037354,
      0.6773603558540344,
      0.6784371137619019,
      0.6780505776405334,
      0.6774638891220093,
      0.6781708598136902,
      0.678462028503418,
      0.676025927066803,
      0.6787843108177185,
      0.6782145500183105,
      0.6786769032478333
    ],
    "val_f1_weighted": [
      0.3743505605687722,
      0.3743505605687722,
      0.3743505605687722,
      0.3743505605687722,
      0.3743505605687722,
      0.3743505605687722,
      0.3743505605687722,
      0.3743505605687722,
      0.3743505605687722,
      0.3743505605687722,
      0.3743505605687722,
      0.3743505605687722,
      0.3743505605687722,
      0.3743505605687722,
      0.3743505605687722,
      0.3743505605687722,
      0.3743505605687722,
      0.3743505605687722,
      0.3743505605687722,
      0.3743505605687722,
      0.3743505605687722,
      0.3743505605687722,
      0.3743505605687722,
      0.3743505605687722,
      0.3743505605687722,
      0.3743505605687722,
      0.3743505605687722,
      0.3743505605687722,
      0.3743505605687722,
      0.3743505605687722,
      0.3743505605687722,
      0.3743505605687722,
      0.3743505605687722,
      0.3743505605687722,
      0.3743505605687722,
      0.3743505605687722,
      0.3743505605687722,
      0.3743505605687722,
      0.3743505605687722,
      0.3743505605687722,
      0.3743505605687722,
      0.3743505605687722,
      0.3743505605687722,
      0.3743505605687722,
      0.3743505605687722,
      0.3743505605687722,
      0.3743505605687722,
      0.3743505605687722,
      0.3743505605687722,
      0.3743505605687722,
      0.3743505605687722,
      0.3743505605687722,
      0.3743505605687722,
      0.3743505605687722,
      0.3743505605687722,
      0.3743505605687722,
      0.3743505605687722,
      0.3743505605687722,
      0.3743505605687722,
      0.3743505605687722,
      0.3743505605687722,
      0.3743505605687722,
      0.3743505605687722,
      0.3743505605687722,
      0.3743505605687722,
      0.3743505605687722,
      0.3743505605687722,
      0.3743505605687722,
      0.3743505605687722,
      0.3743505605687722,
      0.3743505605687722,
      0.3743505605687722,
      0.3743505605687722,
      0.3743505605687722,
      0.3743505605687722,
      0.3743505605687722,
      0.3743505605687722,
      0.3743505605687722,
      0.3743505605687722,
      0.3743505605687722,
      0.3743505605687722,
      0.3743505605687722,
      0.3743505605687722,
      0.3743505605687722,
      0.3743505605687722,
      0.3743505605687722,
      0.3743505605687722,
      0.3743505605687722,
      0.3743505605687722,
      0.3743505605687722,
      0.3743505605687722,
      0.3743505605687722,
      0.3743505605687722,
      0.3743505605687722,
      0.3743505605687722,
      0.3743505605687722,
      0.3743505605687722,
      0.3743505605687722,
      0.3743505605687722,
      0.36770186335403726,
      0.36770186335403726
    ],