{
  "best_val_f1_weighted": 0.3743505605687722,
  "best_test_metrics": {
    "accuracy": 0.5507246376811594,
    "f1_macro": 0.35514018691588783,
    "f1_micro": 0.5507246376811594,
    "f1_weighted": 0.3911689015305431
  },
  "timing": {
    "total_train_loop_sec": 17.391406029928476,
    "total_train_step_sec": 11.484964699484408,
    "total_eval_during_train_sec": 5.9001263794489205,
    "avg_sec_per_epoch": 0.17219213891018292,
    "total_test_eval_sec": 0.052330114180222154
  },
  "curves": {
    "epoch": [
      1,
      2,
      3,
      4,
      5,
      6,
      7,
      8,
      9,
      10,
      11,
      12,
      13,
      14,
      15,
      16,
      17,
      18,
      19,
      20,
      21,
      22,
      23,
      24,
      25,
      26,
      27,
      28,
      29,
      30,
      31,
      32,
      33,
      34,
      35,
      36,
      37,
      38,
      39,
      40,
      41,
      42,
      43,
      44,
      45,
      46,
      47,
      48,
      49,
      50,
      51,
      52,
      53,
      54,
      55,
      56,
      57,
      58,
      59,
      60,
      61,
      62,
      63,
      64,
      65,
      66,
      67,
      68,
      69,
      70,
      71,
      72,
      73,
      74,
      75,
      76,
      77,
      78,
      79,
      80,
      81,
      82,
      83,
      84,
      85,
      86,
      87,
      88,
      89,
      90,
      91,
      92,
      93,
      94,
      95,
      96,
      97,
      98,
      99,
      100,
      101
    ],
    "loss": [
      0.6930006146430969,
      0.6911758184432983,
      0.6893923282623291,
      0.687753438949585,
      0.6865091323852539,
      0.6857964396476746,
      0.6854702234268188,
      0.6851251125335693,
      0.6844615936279297,
      0.6846246719360352,
      0.6847049593925476,
      0.6842929720878601,
      0.6847763657569885,
      0.6844700574874878,
      0.6849343180656433,
      0.6847901344299316,
      0.6851699948310852,
      0.684428870677948,
      0.6842973828315735,
      0.6839798092842102,
      0.6841490268707275,
      0.684602677822113,
      0.683648407459259,
      0.683516263961792,
      0.683573305606842,
      0.6835159063339233,
      0.6837250590324402,
      0.6834149360656738,
      0.6835238337516785,
      0.6837525367736816,
      0.683610737323761,
      0.6836074590682983,
      0.6838916540145874,
      0.6830617189407349,
      0.6847153902053833,
      0.6833263635635376,
      0.683070182800293,
      0.6831076145172119,
      0.6841266751289368,
      0.6833041310310364,
      0.683224618434906,
      0.683269202709198,
      0.6829842925071716,
      0.6821007132530212,
      0.6821286678314209,
      0.6817646026611328,
      0.6815371513366699,
      0.6814916729927063,
      0.6814969182014465,
      0.6813762187957764,
      0.6830959916114807,
      0.6816093921661377,
      0.6820981502532959,
      0.6810132265090942,
      0.6829622387886047,
      0.6811665892601013,
      0.6818523406982422,
      0.6813854575157166,
      0.6820151209831238,
      0.682242214679718,
      0.6815978288650513,
      0.6810354590415955,
      0.6812172532081604,
      0.6805485486984253,
      0.6810566782951355,
      0.6809467673301697,
      0.6819517016410828,
      0.6823174953460693,
      0.6815431118011475,
      0.6804258227348328,
      0.6812471151351929,
      0.6818976402282715,
      0.6807842254638672,
      0.6806171536445618,
      0.6810200810432434,
      0.6815018057823181,
      0.6814337968826294,
      0.6819770336151123,
      0.681675374507904,
      0.682043731212616,
      0.6798826456069946,
      0.681852400302887,
      0.6815876960754395,
      0.6810095310211182,
      0.6817317605018616,
      0.6808246374130249,
      0.6806091070175171,
      0.6800057888031006,
      0.6794429421424866,
      0.6802422404289246,
      0.680393636226654,
      0.6820735335350037,
      0.6813994646072388,
      0.6809588074684143,
      0.679472029209137,
      0.6819506287574768,
      0.6796160340309143,
      0.6803138256072998,
      0.6801329851150513,
      0.6804042458534241,
      0.6814680695533752
    ],
    "val_f1_weighted": [
      0.3743505605687722,
      0.3743505605687722,
      0.3743505605687722,
      0.3743505605687722,
      0.3743505605687722,
      0.3743505605687722,
      0.3743505605687722,
      0.3743505605687722,
      0.3743505605687722,
      0.3743505605687722,
      0.3743505605687722,
      0.3743505605687722,
      0.3743505605687722,
      0.3743505605687722,
      0.3743505605687722,
      0.3743505605687722,
      0.3743505605687722,
      0.3743505605687722,
      0.3743505605687722,
      0.3743505605687722,
      0.3743505605687722,
      0.3743505605687722,
      0.3743505605687722,
      0.3743505605687722,
      0.3743505605687722,
      0.3743505605687722,
      0.3743505605687722,
      0.3743505605687722,
      0.3743505605687722,
      0.3743505605687722,
      0.3743505605687722,
      0.3743505605687722,
      0.3743505605687722,
      0.3743505605687722,
      0.3743505605687722,
      0.3743505605687722,
      0.3743505605687722,
      0.3743505605687722,
      0.3743505605687722,
      0.3743505605687722,
      0.3743505605687722,
      0.3743505605687722,
      0.3743505605687722,
      0.3743505605687722,
      0.3743505605687722,
      0.3743505605687722,
      0.3743505605687722,
      0.3743505605687722,
      0.3743505605687722,
      0.3743505605687722,
      0.3743505605687722,
      0.3743505605687722,
      0.3743505605687722,
      0.3743505605687722,
      0.3743505605687722,
      0.3743505605687722,
      0.3743505605687722,
      0.3743505605687722,
      0.3743505605687722,
      0.3743505605687722,
      0.3743505605687722,
      0.3743505605687722,
      0.3743505605687722,
      0.3743505605687722,
      0.3743505605687722,
      0.3743505605687722,
      0.3743505605687722,
      0.3743505605687722,
      0.3743505605687722,
      0.3743505605687722,
      0.3743505605687722,
      0.3743505605687722,
      0.3743505605687722,
      0.3743505605687722,
      0.3743505605687722,
      0.3743505605687722,
      0.3743505605687722,
      0.3743505605687722,
      0.3743505605687722,
      0.3743505605687722,
      0.3743505605687722,
      0.3743505605687722,
      0.3743505605687722,
      0.3743505605687722,
      0.3743505605687722,
      0.3743505605687722,
      0.3743505605687722,
      0.3743505605687722,
      0.3743505605687722,
      0.3743505605687722,
      0.3743505605687722,
      0.3743505605687722,
      0.3743505605687722,
      0.3743505605687722,
      0.3743505605687722,
      0.3743505605687722,
      0.3743505605687722,
      0.3743505605687722,
      0.3743505605687722,
      0.3743505605687722,
      0.3743505605687722
    ],