{
  "best_val_f1_weighted": 0.40602296254470177,
  "best_test_metrics": {
    "accuracy": 0.5507246376811594,
    "f1_macro": 0.38268398268398274,
    "f1_micro": 0.5507246376811594,
    "f1_weighted": 0.4153585544889893
  },
  "timing": {
    "total_train_loop_sec": 17.812755967956036,
    "total_train_step_sec": 11.2315007916186,
    "total_eval_during_train_sec": 6.574239313835278,
    "avg_sec_per_epoch": 0.17636392047481225,
    "total_test_eval_sec": 0.06548922206275165
  },
  "curves": {
    "epoch": [
      1,
      2,
      3,
      4,
      5,
      6,
      7,
      8,
      9,
      10,
      11,
      12,
      13,
      14,
      15,
      16,
      17,
      18,
      19,
      20,
      21,
      22,
      23,
      24,
      25,
      26,
      27,
      28,
      29,
      30,
      31,
      32,
      33,
      34,
      35,
      36,
      37,
      38,
      39,
      40,
      41,
      42,
      43,
      44,
      45,
      46,
      47,
      48,
      49,
      50,
      51,
      52,
      53,
      54,
      55,
      56,
      57,
      58,
      59,
      60,
      61,
      62,
      63,
      64,
      65,
      66,
      67,
      68,
      69,
      70,
      71,
      72,
      73,
      74,
      75,
      76,
      77,
      78,
      79,
      80,
      81,
      82,
      83,
      84,
      85,
      86,
      87,
      88,
      89,
      90,
      91,
      92,
      93,
      94,
      95,
      96,
      97,
      98,
      99,
      100,
      101
    ],
    "loss": [
      0.6917150020599365,
      0.689995288848877,
      0.6885603666305542,
      0.6866523027420044,
      0.6860204935073853,
      0.6850942969322205,
      0.685049831867218,
      0.6840466856956482,
      0.683264434337616,
      0.6837854385375977,
      0.6833884119987488,
      0.6853727102279663,
      0.6842963695526123,
      0.6835877895355225,
      0.683853030204773,
      0.6838488578796387,
      0.6835618019104004,
      0.6841076612472534,
      0.6840807199478149,
      0.6835596561431885,
      0.6828547716140747,
      0.6828801035881042,
      0.6832458972930908,
      0.68257737159729,
      0.6831364035606384,
      0.681961178779602,
      0.6821401715278625,
      0.6817638278007507,
      0.6814904808998108,
      0.6810269355773926,
      0.6820169687271118,
      0.6813453435897827,
      0.6806595921516418,
      0.6816314458847046,
      0.6800503730773926,
      0.681201696395874,
      0.682265043258667,
      0.6801509857177734,
      0.6808990240097046,
      0.680596649646759,
      0.6807939410209656,
      0.6790062189102173,
      0.6778365969657898,
      0.678814709186554,
      0.680149495601654,
      0.6797846555709839,
      0.6791861057281494,
      0.6801341772079468,
      0.6763558983802795,
      0.6774985790252686,
      0.6789864897727966,
      0.6793859004974365,
      0.6771324276924133,
      0.6779177188873291,
      0.6767472624778748,
      0.678746223449707,
      0.6791097521781921,
      0.67718905210495,
      0.67690110206604,
      0.6784055233001709,
      0.6770807504653931,
      0.6784352660179138,
      0.6808439493179321,
      0.6775558590888977,
      0.6779914498329163,
      0.6778622269630432,
      0.6785361766815186,
      0.6769809126853943,
      0.6779662370681763,
      0.6782137155532837,
      0.6772127747535706,
      0.6769466996192932,
      0.679847240447998,
      0.6765531301498413,
      0.6792239546775818,
      0.678337574005127,
      0.678692638874054,
      0.6789314150810242,
      0.6768743991851807,
      0.6778490543365479,
      0.6777161955833435,
      0.6797226071357727,
      0.6785909533500671,
      0.6773210763931274,
      0.677901029586792,
      0.6804394721984863,
      0.6785843968391418,
      0.6795095205307007,
      0.6795902848243713,
      0.6775306463241577,
      0.6762703657150269,
      0.6786816716194153,
      0.6804646849632263,
      0.6775246858596802,
      0.6788265109062195,
      0.6790827512741089,
      0.6778947710990906,
      0.6779717206954956,
      0.6764238476753235,
      0.6766115427017212,
      0.6763530969619751
    ],
    "val_f1_weighted": [
      0.40602296254470177,
      0.3743505605687722,
      0.3743505605687722,
      0.3743505605687722,
      0.3743505605687722,
      0.3743505605687722,
      0.3743505605687722,
      0.3743505605687722,
      0.3743505605687722,
      0.3743505605687722,
      0.3743505605687722,
      0.3743505605687722,
      0.3743505605687722,
      0.3743505605687722,
      0.3743505605687722,
      0.3743505605687722,
      0.3743505605687722,
      0.3743505605687722,
      0.3743505605687722,
      0.3743505605687722,
      0.3743505605687722,
      0.3743505605687722,
      0.3743505605687722,
      0.3743505605687722,
      0.3743505605687722,
      0.3743505605687722,
      0.3743505605687722,
      0.3743505605687722,
      0.3743505605687722,
      0.3743505605687722,
      0.3743505605687722,
      0.3743505605687722,
      0.3743505605687722,
      0.3743505605687722,
      0.3743505605687722,
      0.3743505605687722,
      0.3743505605687722,
      0.3743505605687722,
      0.3743505605687722,
      0.3743505605687722,
      0.3743505605687722,
      0.3743505605687722,
      0.3743505605687722,
      0.3743505605687722,
      0.3743505605687722,
      0.3743505605687722,
      0.3743505605687722,
      0.3743505605687722,
      0.3743505605687722,
      0.3743505605687722,
      0.3743505605687722,
      0.3743505605687722,
      0.3743505605687722,
      0.3743505605687722,
      0.3743505605687722,
      0.3743505605687722,
      0.3743505605687722,
      0.3743505605687722,
      0.3743505605687722,
      0.3743505605687722,
      0.3743505605687722,
      0.3743505605687722,
      0.3743505605687722,
      0.3743505605687722,
      0.3743505605687722,
      0.3743505605687722,
      0.3743505605687722,
      0.3743505605687722,
      0.3743505605687722,
      0.3743505605687722,
      0.3743505605687722,
      0.3743505605687722,
      0.3743505605687722,
      0.3743505605687722,
      0.3743505605687722,
      0.3743505605687722,
      0.3743505605687722,
      0.3743505605687722,
      0.3743505605687722,
      0.3743505605687722,
      0.36770186335403726,
      0.36770186335403726,
      0.36770186335403726,
      0.36770186335403726,
      0.36770186335403726,
      0.36770186335403726,
      0.36770186335403726,
      0.36770186335403726,
      0.36770186335403726,
      0.36770186335403726,
      0.36770186335403726,
      0.36770186335403726,
      0.36770186335403726,
      0.36770186335403726,
      0.36770186335403726,
      0.36770186335403726,
      0.36770186335403726,
      0.36770186335403726,
      0.36770186335403726,
      0.36770186335403726,
      0.36770186335403726
    ],