{
  "best_val_f1_weighted": 0.9395313024405293,
  "best_test_metrics": {
    "accuracy": 0.948486799742434,
    "f1_macro": 0.012019289613473354,
    "f1_micro": 0.948486799742434,
    "f1_weighted": 0.9234111407935264
  },
  "timing": {
    "total_train_loop_sec": 19.80831507802941,
    "total_train_step_sec": 13.155734641477466,
    "total_eval_during_train_sec": 6.6457702200859785,
    "avg_sec_per_epoch": 0.1904645680579751,
    "total_test_eval_sec": 0.058190518990159035
  },
  "curves": {
    "epoch": [
      1,
      2,
      3,
      4,
      5,
      6,
      7,
      8,
      9,
      10,
      11,
      12,
      13,
      14,
      15,
      16,
      17,
      18,
      19,
      20,
      21,
      22,
      23,
      24,
      25,
      26,
      27,
      28,
      29,
      30,
      31,
      32,
      33,
      34,
      35,
      36,
      37,
      38,
      39,
      40,
      41,
      42,
      43,
      44,
      45,
      46,
      47,
      48,
      49,
      50,
      51,
      52,
      53,
      54,
      55,
      56,
      57,
      58,
      59,
      60,
      61,
      62,
      63,
      64,
      65,
      66,
      67,
      68,
      69,
      70,
      71,
      72,
      73,
      74,
      75,
      76,
      77,
      78,
      79,
      80,
      81,
      82,
      83,
      84,
      85,
      86,
      87,
      88,
      89,
      90,
      91,
      92,
      93,
      94,
      95,
      96,
      97,
      98,
      99,
      100,
      101,
      102,
      103,
      104
    ],
    "loss": [
      5.904069900512695,
      5.872002124786377,
      5.841598987579346,
      5.811432361602783,
      5.781429767608643,
      5.752791881561279,
      5.723424911499023,
      5.692318439483643,
      5.661706924438477,
      5.628894805908203,
      5.596096515655518,
      5.564488887786865,
      5.52852725982666,
      5.494955539703369,
      5.461251258850098,
      5.42503023147583,
      5.393953800201416,
      5.3604960441589355,
      5.327291011810303,
      5.292881488800049,
      5.258055686950684,
      5.22029972076416,
      5.183516025543213,
      5.145962715148926,
      5.107709884643555,
      5.070285797119141,
      5.031717300415039,
      4.9927568435668945,
      4.954532146453857,
      4.9155354499816895,
      4.877311706542969,
      4.83727502822876,
      4.798402309417725,
      4.761316299438477,
      4.723534107208252,
      4.689564228057861,
      4.653445243835449,
      4.616016387939453,
      4.579364776611328,
      4.541477203369141,
      4.5044941902160645,
      4.469153881072998,
      4.43126106262207,
      4.394801616668701,
      4.358974456787109,
      4.320237636566162,
      4.282670974731445,
      4.245254993438721,
      4.207401752471924,
      4.171762466430664,
      4.135236740112305,
      4.130704402923584,
      4.127326011657715,
      4.1230669021606445,
      4.1189398765563965,
      4.113769054412842,
      4.113110065460205,
      4.109917163848877,
      4.107263088226318,
      4.106021404266357,
      4.102461814880371,
      4.101139068603516,
      4.096894264221191,
      4.093432426452637,
      4.089040756225586,
      4.089119911193848,
      4.083859443664551,
      4.080626487731934,
      4.07940673828125,
      4.075509071350098,
      4.071963310241699,
      4.0704779624938965,
      4.066538333892822,
      4.067063331604004,
      4.062651634216309,
      4.05895471572876,
      4.057994842529297,
      4.053954124450684,
      4.052397727966309,
      4.04800271987915,
      4.046102046966553,
      4.041682720184326,
      4.041889667510986,
      4.038981914520264,
      4.03540563583374,
      4.034270763397217,
      4.029245376586914,
      4.0285234451293945,
      4.025296211242676,
      4.021629333496094,
      4.018120765686035,
      4.015692710876465,
      4.0118327140808105,
      4.008618354797363,
      4.0055389404296875,
      4.00256872177124,
      3.9996283054351807,
      3.997692823410034,
      3.992748260498047,
      3.989442825317383,
      3.9878602027893066,
      3.985783576965332,
      3.986051321029663,
      3.9854824542999268
    ],
    "val_f1_weighted": [
      0.0,
      0.7861189363062415,
      0.9359606728949053,
      0.9395313024405293,
      0.9395313024405293,
      0.9395313024405293,
      0.9395313024405293,
      0.9395313024405293,
      0.9395313024405293,
      0.9395313024405293,
      0.9395313024405293,
      0.9395313024405293,
      0.9395313024405293,
      0.9395313024405293,
      0.9395313024405293,
      0.9395313024405293,
      0.9395313024405293,
      0.9395313024405293,
      0.9395313024405293,
      0.9395313024405293,
      0.9395313024405293,
      0.9395313024405293,
      0.9395313024405293,
      0.9395313024405293,
      0.9395313024405293,
      0.9395313024405293,
      0.9395313024405293,
      0.9395313024405293,
      0.9395313024405293,
      0.9395313024405293,
      0.9395313024405293,
      0.9395313024405293,
      0.9395313024405293,
      0.9395313024405293,
      0.9395313024405293,
      0.9395313024405293,
      0.9395313024405293,
      0.9395313024405293,
      0.9395313024405293,
      0.9395313024405293,
      0.9395313024405293,
      0.9395313024405293,
      0.9395313024405293,
      0.9395313024405293,
      0.9395313024405293,
      0.9395313024405293,
      0.9395313024405293,
      0.9395313024405293,
      0.9395313024405293,
      0.9395313024405293,
      0.9395313024405293,
      0.9395313024405293,
      0.9395313024405293,
      0.9395313024405293,
      0.9395313024405293,
      0.9395313024405293,
      0.9395313024405293,
      0.9395313024405293,
      0.9395313024405293,
      0.9395313024405293,
      0.9395313024405293,
      0.9395313024405293,
      0.9395313024405293,
      0.9395313024405293,
      0.9395313024405293,
      0.9395313024405293,
      0.9395313024405293,
      0.9395313024405293,
      0.9395313024405293,
      0.9395313024405293,
      0.9395313024405293,
      0.9395313024405293,
      0.9395313024405293,
      0.9395313024405293,
      0.9395313024405293,
      0.9395313024405293,
      0.9395313024405293,
      0.9395313024405293,
      0.9395313024405293,
      0.9395313024405293,
      0.9395313024405293,
      0.9395313024405293,
      0.9395313024405293,
      0.9395313024405293,
      0.9395313024405293,
      0.9395313024405293,
      0.9395313024405293,
      0.9395313024405293,
      0.9395313024405293,
      0.9395313024405293,
      0.9395313024405293,
      0.9395313024405293,
      0.9395313024405293,
      0.9395313024405293,
      0.9395313024405293,
      0.9395313024405293,
      0.9395313024405293,
      0.9395313024405293,
      0.9395313024405293,
      0.9395313024405293,
      0.9395313024405293,
      0.9395313024405293,
      0.9395313024405293,
      0.9395313024405293
    ],