{
  "best_val_f1_weighted": 0.9395313024405293,
  "best_test_metrics": {
    "accuracy": 0.948486799742434,
    "f1_macro": 0.012019289613473354,
    "f1_micro": 0.948486799742434,
    "f1_weighted": 0.9234111407935264
  },
  "timing": {
    "total_train_loop_sec": 17.700397950131446,
    "total_train_step_sec": 11.58640649379231,
    "total_eval_during_train_sec": 6.107287732651457,
    "avg_sec_per_epoch": 0.16857521857268043,
    "total_test_eval_sec": 0.05796909308992326
  },
  "curves": {
    "epoch": [
      1,
      2,
      3,
      4,
      5,
      6,
      7,
      8,
      9,
      10,
      11,
      12,
      13,
      14,
      15,
      16,
      17,
      18,
      19,
      20,
      21,
      22,
      23,
      24,
      25,
      26,
      27,
      28,
      29,
      30,
      31,
      32,
      33,
      34,
      35,
      36,
      37,
      38,
      39,
      40,
      41,
      42,
      43,
      44,
      45,
      46,
      47,
      48,
      49,
      50,
      51,
      52,
      53,
      54,
      55,
      56,
      57,
      58,
      59,
      60,
      61,
      62,
      63,
      64,
      65,
      66,
      67,
      68,
      69,
      70,
      71,
      72,
      73,
      74,
      75,
      76,
      77,
      78,
      79,
      80,
      81,
      82,
      83,
      84,
      85,
      86,
      87,
      88,
      89,
      90,
      91,
      92,
      93,
      94,
      95,
      96,
      97,
      98,
      99,
      100,
      101,
      102,
      103,
      104,
      105
    ],
    "loss": [
      5.916135787963867,
      5.879905700683594,
      5.844614028930664,
      5.811164855957031,
      5.779061317443848,
      5.746224403381348,
      5.713139057159424,
      5.680274486541748,
      5.647429943084717,
      5.613603115081787,
      5.579256534576416,
      5.545195579528809,
      5.508224010467529,
      5.473104476928711,
      5.4359660148620605,
      5.400045394897461,
      5.363367557525635,
      5.324940204620361,
      5.282569408416748,
      5.244078159332275,
      5.204771041870117,
      5.164329528808594,
      5.125536918640137,
      5.090958118438721,
      5.052192211151123,
      5.014068603515625,
      4.975120544433594,
      4.938258171081543,
      4.8988189697265625,
      4.861583709716797,
      4.8221869468688965,
      4.791294574737549,
      4.755419731140137,
      4.7202067375183105,
      4.684728145599365,
      4.651149272918701,
      4.614605903625488,
      4.579859256744385,
      4.54346227645874,
      4.50795841217041,
      4.474062442779541,
      4.437864303588867,
      4.403144359588623,
      4.3658976554870605,
      4.33189058303833,
      4.298430442810059,
      4.261270523071289,
      4.226709842681885,
      4.192141056060791,
      4.156378746032715,
      4.120154857635498,
      4.118323802947998,
      4.1146368980407715,
      4.110905170440674,
      4.10741662979126,
      4.103287220001221,
      4.100419998168945,
      4.097091197967529,
      4.094592094421387,
      4.09096622467041,
      4.089249134063721,
      4.0845160484313965,
      4.081625461578369,
      4.078831195831299,
      4.073776721954346,
      4.072756767272949,
      4.070375442504883,
      4.066592693328857,
      4.062999248504639,
      4.060232639312744,
      4.060156345367432,
      4.057141304016113,
      4.053537845611572,
      4.051417350769043,
      4.048240661621094,
      4.046093940734863,
      4.042861461639404,
      4.040223598480225,
      4.039655685424805,
      4.033549785614014,
      4.032317161560059,
      4.029696464538574,
      4.025921821594238,
      4.024036884307861,
      4.0207200050354,
      4.018313884735107,
      4.016818046569824,
      4.010247230529785,
      4.008559226989746,
      4.004905700683594,
      3.999521017074585,
      3.9987642765045166,
      3.996694803237915,
      3.9940025806427,
      3.9910616874694824,
      3.9889297485351562,
      3.982482671737671,
      3.983013391494751,
      3.9766337871551514,
      3.975554943084717,
      3.971122980117798,
      3.971705675125122,
      3.9728176593780518,
      3.9717519283294678,
      3.970635175704956
    ],
    "val_f1_weighted": [
      0.0,
      0.8294276459966665,
      0.8375720905201204,
      0.9296953046953048,
      0.9395313024405293,
      0.9395313024405293,
      0.9395313024405293,
      0.9395313024405293,
      0.9395313024405293,
      0.9395313024405293,
      0.9395313024405293,
      0.9395313024405293,
      0.9395313024405293,
      0.9395313024405293,
      0.9395313024405293,
      0.9395313024405293,
      0.9395313024405293,
      0.9395313024405293,
      0.9395313024405293,
      0.9395313024405293,
      0.9395313024405293,
      0.9395313024405293,
      0.9395313024405293,
      0.9395313024405293,
      0.9395313024405293,
      0.9395313024405293,
      0.9395313024405293,
      0.9395313024405293,
      0.9395313024405293,
      0.9395313024405293,
      0.9395313024405293,
      0.9395313024405293,
      0.9395313024405293,
      0.9395313024405293,
      0.9395313024405293,
      0.9395313024405293,
      0.9395313024405293,
      0.9395313024405293,
      0.9395313024405293,
      0.9395313024405293,
      0.9395313024405293,
      0.9395313024405293,
      0.9395313024405293,
      0.9395313024405293,
      0.9395313024405293,
      0.9395313024405293,
      0.9395313024405293,
      0.9395313024405293,
      0.9395313024405293,
      0.9395313024405293,
      0.9395313024405293,
      0.9395313024405293,
      0.9395313024405293,
      0.9395313024405293,
      0.9395313024405293,
      0.9395313024405293,
      0.9395313024405293,
      0.9395313024405293,
      0.9395313024405293,
      0.9395313024405293,
      0.9395313024405293,
      0.9395313024405293,
      0.9395313024405293,
      0.9395313024405293,
      0.9395313024405293,
      0.9395313024405293,
      0.9395313024405293,
      0.9395313024405293,
      0.9395313024405293,
      0.9395313024405293,
      0.9395313024405293,
      0.9395313024405293,
      0.9395313024405293,
      0.9395313024405293,
      0.9395313024405293,
      0.9395313024405293,
      0.9395313024405293,
      0.9395313024405293,
      0.9395313024405293,
      0.9395313024405293,
      0.9395313024405293,
      0.9395313024405293,
      0.9395313024405293,
      0.9395313024405293,
      0.9395313024405293,
      0.9395313024405293,
      0.9395313024405293,
      0.9395313024405293,
      0.9395313024405293,
      0.9395313024405293,
      0.9395313024405293,
      0.9395313024405293,
      0.9395313024405293,
      0.9395313024405293,
      0.9395313024405293,
      0.9395313024405293,
      0.9395313024405293,
      0.9395313024405293,
      0.9395313024405293,
      0.9395313024405293,
      0.9395313024405293,
      0.9395313024405293,
      0.9395313024405293,
      0.9395313024405293,
      0.9395313024405293
    ],