{
  "best_val_f1_weighted": 0.9395313024405293,
  "best_test_metrics": {
    "accuracy": 0.948486799742434,
    "f1_macro": 0.012019289613473354,
    "f1_micro": 0.948486799742434,
    "f1_weighted": 0.9234111407935264
  },
  "timing": {
    "total_train_loop_sec": 17.52599046495743,
    "total_train_step_sec": 11.471705982694402,
    "total_eval_during_train_sec": 6.047595402924344,
    "avg_sec_per_epoch": 0.16851913908612914,
    "total_test_eval_sec": 0.05815936787985265
  },
  "curves": {
    "epoch": [
      1,
      2,
      3,
      4,
      5,
      6,
      7,
      8,
      9,
      10,
      11,
      12,
      13,
      14,
      15,
      16,
      17,
      18,
      19,
      20,
      21,
      22,
      23,
      24,
      25,
      26,
      27,
      28,
      29,
      30,
      31,
      32,
      33,
      34,
      35,
      36,
      37,
      38,
      39,
      40,
      41,
      42,
      43,
      44,
      45,
      46,
      47,
      48,
      49,
      50,
      51,
      52,
      53,
      54,
      55,
      56,
      57,
      58,
      59,
      60,
      61,
      62,
      63,
      64,
      65,
      66,
      67,
      68,
      69,
      70,
      71,
      72,
      73,
      74,
      75,
      76,
      77,
      78,
      79,
      80,
      81,
      82,
      83,
      84,
      85,
      86,
      87,
      88,
      89,
      90,
      91,
      92,
      93,
      94,
      95,
      96,
      97,
      98,
      99,
      100,
      101,
      102,
      103,
      104
    ],
    "loss": [
      5.915356636047363,
      5.882891654968262,
      5.851922512054443,
      5.822096347808838,
      5.792559623718262,
      5.764636993408203,
      5.736573219299316,
      5.708920001983643,
      5.681276321411133,
      5.653884410858154,
      5.626256465911865,
      5.599069595336914,
      5.570682525634766,
      5.542395114898682,
      5.513589859008789,
      5.484579086303711,
      5.454771041870117,
      5.424810886383057,
      5.39511775970459,
      5.3639631271362305,
      5.333418846130371,
      5.30227518081665,
      5.26971435546875,
      5.238216876983643,
      5.205726623535156,
      5.173805236816406,
      5.142966270446777,
      5.110972881317139,
      5.079266548156738,
      5.048525810241699,
      5.0153398513793945,
      4.9832353591918945,
      4.950411319732666,
      4.916084289550781,
      4.883033752441406,
      4.8497819900512695,
      4.814692974090576,
      4.78197717666626,
      4.7482523918151855,
      4.715253829956055,
      4.680860996246338,
      4.646493434906006,
      4.614647388458252,
      4.580069541931152,
      4.545670032501221,
      4.512267112731934,
      4.4793829917907715,
      4.448777675628662,
      4.415222644805908,
      4.381969451904297,
      4.35011100769043,
      4.345457553863525,
      4.342928886413574,
      4.338495254516602,
      4.335986137390137,
      4.3328142166137695,
      4.329801559448242,
      4.326984405517578,
      4.324342727661133,
      4.317880153656006,
      4.317023754119873,
      4.314894199371338,
      4.308560848236084,
      4.30536413192749,
      4.30369758605957,
      4.2978434562683105,
      4.2964935302734375,
      4.294020175933838,
      4.2916975021362305,
      4.285684585571289,
      4.284487724304199,
      4.28299617767334,
      4.2772417068481445,
      4.276641845703125,
      4.27052116394043,
      4.26975679397583,
      4.265804767608643,
      4.262330532073975,
      4.257786273956299,
      4.254364490509033,
      4.251889228820801,
      4.249847888946533,
      4.24615478515625,
      4.242588520050049,
      4.240139484405518,
      4.236713409423828,
      4.234838962554932,
      4.2308831214904785,
      4.228212356567383,
      4.225321292877197,
      4.222318649291992,
      4.219633102416992,
      4.216882228851318,
      4.212822437286377,
      4.2091498374938965,
      4.207273483276367,
      4.2030110359191895,
      4.200302600860596,
      4.195745944976807,
      4.1948699951171875,
      4.193338871002197,
      4.192948341369629,
      4.18963623046875,
      4.190098762512207
    ],
    "val_f1_weighted": [
      0.0,
      0.005140829023415112,
      0.8978603384555534,
      0.9395313024405293,
      0.9395313024405293,
      0.9395313024405293,
      0.9395313024405293,
      0.9395313024405293,
      0.9395313024405293,
      0.9395313024405293,
      0.9395313024405293,
      0.9395313024405293,
      0.9395313024405293,
      0.9395313024405293,
      0.9395313024405293,
      0.9395313024405293,
      0.9395313024405293,
      0.9395313024405293,
      0.9395313024405293,
      0.9395313024405293,
      0.9395313024405293,
      0.9395313024405293,
      0.9395313024405293,
      0.9395313024405293,
      0.9395313024405293,
      0.9395313024405293,
      0.9395313024405293,
      0.9395313024405293,
      0.9395313024405293,
      0.9395313024405293,
      0.9395313024405293,
      0.9395313024405293,
      0.9395313024405293,
      0.9395313024405293,
      0.9395313024405293,
      0.9395313024405293,
      0.9395313024405293,
      0.9395313024405293,
      0.9395313024405293,
      0.9395313024405293,
      0.9395313024405293,
      0.9395313024405293,
      0.9395313024405293,
      0.9395313024405293,
      0.9395313024405293,
      0.9395313024405293,
      0.9395313024405293,
      0.9395313024405293,
      0.9395313024405293,
      0.9395313024405293,
      0.9395313024405293,
      0.9395313024405293,
      0.9395313024405293,
      0.9395313024405293,
      0.9395313024405293,
      0.9395313024405293,
      0.9395313024405293,
      0.9395313024405293,
      0.9395313024405293,
      0.9395313024405293,
      0.9395313024405293,
      0.9395313024405293,
      0.9395313024405293,
      0.9395313024405293,
      0.9395313024405293,
      0.9395313024405293,
      0.9395313024405293,
      0.9395313024405293,
      0.9395313024405293,
      0.9395313024405293,
      0.9395313024405293,
      0.9395313024405293,
      0.9395313024405293,
      0.9395313024405293,
      0.9395313024405293,
      0.9395313024405293,
      0.9395313024405293,
      0.9395313024405293,
      0.9395313024405293,
      0.9395313024405293,
      0.9395313024405293,
      0.9395313024405293,
      0.9395313024405293,
      0.9395313024405293,
      0.9395313024405293,
      0.9395313024405293,
      0.9395313024405293,
      0.9395313024405293,
      0.9395313024405293,
      0.9395313024405293,
      0.9395313024405293,
      0.9395313024405293,
      0.9395313024405293,
      0.9395313024405293,
      0.9395313024405293,
      0.9395313024405293,
      0.9395313024405293,
      0.9395313024405293,
      0.9395313024405293,
      0.9395313024405293,
      0.9395313024405293,
      0.9395313024405293,
      0.9395313024405293,
      0.9395313024405293
    ],