{
  "best_val_f1_weighted": 0.19901296845779123,
  "best_test_metrics": {
    "accuracy": 0.3048973143759874,
    "f1_macro": 0.10626541274817138,
    "f1_micro": 0.3048973143759874,
    "f1_weighted": 0.18409793638295027
  },
  "timing": {
    "total_train_loop_sec": 16.69384119985625,
    "total_train_step_sec": 11.103684909176081,
    "total_eval_during_train_sec": 5.583545671543106,
    "avg_sec_per_epoch": 0.1574890679231722,
    "total_test_eval_sec": 0.05251225200481713
  },
  "curves": {
    "epoch": [
      1,
      2,
      3,
      4,
      5,
      6,
      7,
      8,
      9,
      10,
      11,
      12,
      13,
      14,
      15,
      16,
      17,
      18,
      19,
      20,
      21,
      22,
      23,
      24,
      25,
      26,
      27,
      28,
      29,
      30,
      31,
      32,
      33,
      34,
      35,
      36,
      37,
      38,
      39,
      40,
      41,
      42,
      43,
      44,
      45,
      46,
      47,
      48,
      49,
      50,
      51,
      52,
      53,
      54,
      55,
      56,
      57,
      58,
      59,
      60,
      61,
      62,
      63,
      64,
      65,
      66,
      67,
      68,
      69,
      70,
      71,
      72,
      73,
      74,
      75,
      76,
      77,
      78,
      79,
      80,
      81,
      82,
      83,
      84,
      85,
      86,
      87,
      88,
      89,
      90,
      91,
      92,
      93,
      94,
      95,
      96,
      97,
      98,
      99,
      100,
      101,
      102,
      103,
      104,
      105,
      106
    ],
    "loss": [
      2.2015674114227295,
      2.198169708251953,
      2.1962945461273193,
      2.1932926177978516,
      2.190915584564209,
      2.190260648727417,
      2.1884660720825195,
      2.1873373985290527,
      2.185767650604248,
      2.1842992305755615,
      2.1823222637176514,
      2.180267333984375,
      2.1789605617523193,
      2.178206205368042,
      2.1759562492370605,
      2.175142526626587,
      2.1734566688537598,
      2.170825719833374,
      2.1702747344970703,
      2.168100357055664,
      2.1660842895507812,
      2.1640069484710693,
      2.1628661155700684,
      2.1610116958618164,
      2.1608757972717285,
      2.1576671600341797,
      2.15555739402771,
      2.151855707168579,
      2.151710271835327,
      2.1484885215759277,
      2.1462833881378174,
      2.1435632705688477,
      2.1412110328674316,
      2.1415750980377197,
      2.141491174697876,
      2.137413263320923,
      2.13553786277771,
      2.135075807571411,
      2.1332836151123047,
      2.129234552383423,
      2.1292171478271484,
      2.1284830570220947,
      2.1268537044525146,
      2.1260643005371094,
      2.124715566635132,
      2.1237475872039795,
      2.1220967769622803,
      2.1206698417663574,
      2.1174657344818115,
      2.1152522563934326,
      2.1168200969696045,
      2.1139419078826904,
      2.1124916076660156,
      2.115379571914673,
      2.1133124828338623,
      2.115238904953003,
      2.1134095191955566,
      2.1156105995178223,
      2.112163782119751,
      2.113521099090576,
      2.115886926651001,
      2.1141507625579834,
      2.115417718887329,
      2.1128010749816895,
      2.113111734390259,
      2.112950086593628,
      2.1152608394622803,
      2.114164113998413,
      2.112093687057495,
      2.113359212875366,
      2.1103029251098633,
      2.112445116043091,
      2.112037420272827,
      2.111233711242676,
      2.1110148429870605,
      2.1141586303710938,
      2.1124703884124756,
      2.1121537685394287,
      2.111448049545288,
      2.111632823944092,
      2.1124985218048096,
      2.107149839401245,
      2.1113123893737793,
      2.1109626293182373,
      2.110464096069336,
      2.1088593006134033,
      2.1116700172424316,
      2.111607313156128,
      2.1115307807922363,
      2.10886287689209,
      2.1093413829803467,
      2.107969284057617,
      2.1093764305114746,
      2.111553430557251,
      2.1110308170318604,
      2.1098408699035645,
      2.110262632369995,
      2.1110730171203613,
      2.107591152191162,
      2.1102352142333984,
      2.107297658920288,
      2.1084067821502686,
      2.1110291481018066,
      2.111710548400879,
      2.10906720161438,
      2.1107935905456543
    ],
    "val_f1_weighted": [
      0.020841361809917226,
      0.020841361809917226,
      0.020871135183931393,
      0.035267157459615735,
      0.18633455785734,
      0.19901296845779123,
      0.167848180794661,
      0.1629821255684638,
      0.15156087043366154,
      0.1445347576794931,
      0.13970478294782243,
      0.12692827772307133,
      0.11487107753565501,
      0.11385026261193441,
      0.1155954840985179,
      0.11286162538021428,
      0.1074329492733217,
      0.10729730161009782,
      0.10702703132896407,
      0.10675811918994658,
      0.10675811918994658,
      0.10675811918994658,
      0.10675811918994658,
      0.1066241692286041,
      0.1066241692286041,
      0.1066241692286041,
      0.1066241692286041,
      0.1066241692286041,
      0.1066241692286041,
      0.1066241692286041,
      0.1066241692286041,
      0.1066241692286041,
      0.1066241692286041,
      0.1066241692286041,
      0.1066241692286041,
      0.1066241692286041,
      0.1066241692286041,
      0.1066241692286041,
      0.1066241692286041,
      0.1066241692286041,
      0.1066241692286041,
      0.1066241692286041,
      0.1066241692286041,
      0.1066241692286041,
      0.1066241692286041,
      0.1066241692286041,
      0.1066241692286041,
      0.1066241692286041,
      0.1066241692286041,
      0.1066241692286041,
      0.1066241692286041,
      0.1066241692286041,
      0.1066241692286041,
      0.1066241692286041,
      0.1066241692286041,
      0.1066241692286041,
      0.1066241692286041,
      0.1066241692286041,
      0.1066241692286041,
      0.1066241692286041,
      0.1066241692286041,
      0.1066241692286041,
      0.1066241692286041,
      0.1066241692286041,
      0.1066241692286041,
      0.1066241692286041,
      0.1066241692286041,
      0.1066241692286041,
      0.1066241692286041,
      0.1066241692286041,
      0.1066241692286041,
      0.1066241692286041,
      0.1066241692286041,
      0.1066241692286041,
      0.1066241692286041,
      0.1066241692286041,
      0.1066241692286041,
      0.1066241692286041,
      0.1066241692286041,
      0.1066241692286041,
      0.1066241692286041,
      0.1066241692286041,
      0.1066241692286041,
      0.1066241692286041,
      0.1066241692286041,
      0.1066241692286041,
      0.1066241692286041,
      0.1066241692286041,
      0.1066241692286041,
      0.1066241692286041,
      0.1066241692286041,
      0.1066241692286041,
      0.1066241692286041,
      0.1066241692286041,
      0.1066241692286041,
      0.1066241692286041,
      0.1066241692286041,
      0.1066241692286041,
      0.1066241692286041,
      0.1066241692286041,
      0.1066241692286041,
      0.1066241692286041,
      0.1066241692286041,
      0.1066241692286041,
      0.1066241692286041,
      0.1066241692286041
    ],