{
  "best_val_f1_weighted": 0.2008744992929454,
  "best_test_metrics": {
    "accuracy": 0.30647709320695105,
    "f1_macro": 0.10192733222335143,
    "f1_micro": 0.30647709320695105,
    "f1_weighted": 0.19415376620988115
  },
  "timing": {
    "total_train_loop_sec": 16.710057397838682,
    "total_train_step_sec": 11.112301142187789,
    "total_eval_during_train_sec": 5.591158504830673,
    "avg_sec_per_epoch": 0.15764205092300643,
    "total_test_eval_sec": 0.05267130909487605
  },
  "curves": {
    "epoch": [
      1,
      2,
      3,
      4,
      5,
      6,
      7,
      8,
      9,
      10,
      11,
      12,
      13,
      14,
      15,
      16,
      17,
      18,
      19,
      20,
      21,
      22,
      23,
      24,
      25,
      26,
      27,
      28,
      29,
      30,
      31,
      32,
      33,
      34,
      35,
      36,
      37,
      38,
      39,
      40,
      41,
      42,
      43,
      44,
      45,
      46,
      47,
      48,
      49,
      50,
      51,
      52,
      53,
      54,
      55,
      56,
      57,
      58,
      59,
      60,
      61,
      62,
      63,
      64,
      65,
      66,
      67,
      68,
      69,
      70,
      71,
      72,
      73,
      74,
      75,
      76,
      77,
      78,
      79,
      80,
      81,
      82,
      83,
      84,
      85,
      86,
      87,
      88,
      89,
      90,
      91,
      92,
      93,
      94,
      95,
      96,
      97,
      98,
      99,
      100,
      101,
      102,
      103,
      104,
      105,
      106
    ],
    "loss": [
      2.203928232192993,
      2.2003333568573,
      2.1989710330963135,
      2.1971218585968018,
      2.1952004432678223,
      2.1953539848327637,
      2.1929101943969727,
      2.1907331943511963,
      2.19010329246521,
      2.1869781017303467,
      2.1858932971954346,
      2.1834716796875,
      2.1831114292144775,
      2.180316209793091,
      2.1783483028411865,
      2.1773416996002197,
      2.175442934036255,
      2.1738009452819824,
      2.1717147827148438,
      2.171262741088867,
      2.1690866947174072,
      2.1654844284057617,
      2.1635584831237793,
      2.1629388332366943,
      2.161060094833374,
      2.1580045223236084,
      2.1566712856292725,
      2.153393507003784,
      2.152644634246826,
      2.1511902809143066,
      2.148038625717163,
      2.146700620651245,
      2.144350290298462,
      2.142611265182495,
      2.14062762260437,
      2.141125440597534,
      2.1374263763427734,
      2.13588285446167,
      2.135275363922119,
      2.131650447845459,
      2.1290807723999023,
      2.129516124725342,
      2.127100944519043,
      2.124319076538086,
      2.123601198196411,
      2.1229336261749268,
      2.1187119483947754,
      2.116058111190796,
      2.1159415245056152,
      2.114495277404785,
      2.1146631240844727,
      2.1144819259643555,
      2.112895965576172,
      2.1143245697021484,
      2.1124775409698486,
      2.113088607788086,
      2.1113076210021973,
      2.1120731830596924,
      2.111515760421753,
      2.1145448684692383,
      2.1142220497131348,
      2.111125946044922,
      2.1139039993286133,
      2.111527442932129,
      2.1110050678253174,
      2.1127474308013916,
      2.111100673675537,
      2.114142656326294,
      2.1106767654418945,
      2.111121892929077,
      2.109428882598877,
      2.1108553409576416,
      2.111954689025879,
      2.1144485473632812,
      2.1105690002441406,
      2.108086347579956,
      2.111743688583374,
      2.111245632171631,
      2.1085798740386963,
      2.1117947101593018,
      2.110926389694214,
      2.1095364093780518,
      2.1103217601776123,
      2.110804557800293,
      2.1103246212005615,
      2.1102054119110107,
      2.1097044944763184,
      2.1120007038116455,
      2.1111912727355957,
      2.1092236042022705,
      2.108123540878296,
      2.1104259490966797,
      2.1097848415374756,
      2.1059250831604004,
      2.110685110092163,
      2.1069490909576416,
      2.1080129146575928,
      2.109407901763916,
      2.108771562576294,
      2.110292434692383,
      2.1078193187713623,
      2.109328269958496,
      2.109649181365967,
      2.1061179637908936,
      2.108242988586426,
      2.109600067138672
    ],
    "val_f1_weighted": [
      0.03985731394057556,
      0.04922124256462345,
      0.0448933640350556,
      0.05110551773630634,
      0.19017127335320627,
      0.2008744992929454,
      0.1762874611358256,
      0.15606311757643676,
      0.1412020658265902,
      0.13242146406498756,
      0.1181435710729236,
      0.11832012510005101,
      0.11893795226724524,
      0.1074329492733217,
      0.10716199605951762,
      0.10702703132896407,
      0.10689240613232387,
      0.10675811918994658,
      0.10675811918994658,
      0.10675811918994658,
      0.1066241692286041,
      0.1066241692286041,
      0.1066241692286041,
      0.1066241692286041,
      0.1066241692286041,
      0.1066241692286041,
      0.1066241692286041,
      0.1066241692286041,
      0.1066241692286041,
      0.1066241692286041,
      0.1066241692286041,
      0.1066241692286041,
      0.1066241692286041,
      0.1066241692286041,
      0.1066241692286041,
      0.1066241692286041,
      0.1066241692286041,
      0.1066241692286041,
      0.1066241692286041,
      0.1066241692286041,
      0.1066241692286041,
      0.1066241692286041,
      0.1066241692286041,
      0.1066241692286041,
      0.1066241692286041,
      0.1066241692286041,
      0.1066241692286041,
      0.1066241692286041,
      0.1066241692286041,
      0.1066241692286041,
      0.1066241692286041,
      0.1066241692286041,
      0.1066241692286041,
      0.1066241692286041,
      0.1066241692286041,
      0.1066241692286041,
      0.1066241692286041,
      0.1066241692286041,
      0.1066241692286041,
      0.1066241692286041,
      0.1066241692286041,
      0.1066241692286041,
      0.1066241692286041,
      0.1066241692286041,
      0.1066241692286041,
      0.1066241692286041,
      0.1066241692286041,
      0.1066241692286041,
      0.1066241692286041,
      0.1066241692286041,
      0.1066241692286041,
      0.1066241692286041,
      0.1066241692286041,
      0.1066241692286041,
      0.1066241692286041,
      0.1066241692286041,
      0.1066241692286041,
      0.1066241692286041,
      0.1066241692286041,
      0.1066241692286041,
      0.1066241692286041,
      0.1066241692286041,
      0.1066241692286041,
      0.1066241692286041,
      0.1066241692286041,
      0.1066241692286041,
      0.1066241692286041,
      0.1066241692286041,
      0.1066241692286041,
      0.1066241692286041,
      0.1066241692286041,
      0.1066241692286041,
      0.1066241692286041,
      0.1066241692286041,
      0.1066241692286041,
      0.1066241692286041,
      0.1066241692286041,
      0.1066241692286041,
      0.1066241692286041,
      0.1066241692286041,
      0.1066241692286041,
      0.1066241692286041,
      0.1066241692286041,
      0.1066241692286041,
      0.1066241692286041,
      0.1066241692286041
    ],