{
  "best_val_f1_weighted": 0.105725802921596,
  "best_test_metrics": {
    "accuracy": 0.25908372827804105,
    "f1_macro": 0.04578447794528197,
    "f1_micro": 0.25908372827804105,
    "f1_weighted": 0.10675811918994658
  },
  "timing": {
    "total_train_loop_sec": 15.851296938955784,
    "total_train_step_sec": 10.524656852707267,
    "total_eval_during_train_sec": 5.320455881534144,
    "avg_sec_per_epoch": 0.15694353404906716,
    "total_test_eval_sec": 0.052183180116117
  },
  "curves": {
    "epoch": [
      1,
      2,
      3,
      4,
      5,
      6,
      7,
      8,
      9,
      10,
      11,
      12,
      13,
      14,
      15,
      16,
      17,
      18,
      19,
      20,
      21,
      22,
      23,
      24,
      25,
      26,
      27,
      28,
      29,
      30,
      31,
      32,
      33,
      34,
      35,
      36,
      37,
      38,
      39,
      40,
      41,
      42,
      43,
      44,
      45,
      46,
      47,
      48,
      49,
      50,
      51,
      52,
      53,
      54,
      55,
      56,
      57,
      58,
      59,
      60,
      61,
      62,
      63,
      64,
      65,
      66,
      67,
      68,
      69,
      70,
      71,
      72,
      73,
      74,
      75,
      76,
      77,
      78,
      79,
      80,
      81,
      82,
      83,
      84,
      85,
      86,
      87,
      88,
      89,
      90,
      91,
      92,
      93,
      94,
      95,
      96,
      97,
      98,
      99,
      100,
      101
    ],
    "loss": [
      2.1955714225769043,
      2.1926767826080322,
      2.190363645553589,
      2.1879453659057617,
      2.1853082180023193,
      2.1830992698669434,
      2.180988311767578,
      2.17801570892334,
      2.1755247116088867,
      2.173748254776001,
      2.172136068344116,
      2.170377492904663,
      2.167234420776367,
      2.1655194759368896,
      2.1629996299743652,
      2.161527156829834,
      2.160001277923584,
      2.15788197517395,
      2.156092882156372,
      2.1556100845336914,
      2.153472900390625,
      2.1520166397094727,
      2.1491243839263916,
      2.1491281986236572,
      2.146130084991455,
      2.145134687423706,
      2.144068717956543,
      2.1413280963897705,
      2.1402978897094727,
      2.1384565830230713,
      2.138434886932373,
      2.1373584270477295,
      2.134552478790283,
      2.1325843334198,
      2.1305975914001465,
      2.12823224067688,
      2.127262592315674,
      2.1252336502075195,
      2.1255292892456055,
      2.1209280490875244,
      2.119767189025879,
      2.1194264888763428,
      2.1176328659057617,
      2.1148083209991455,
      2.114727020263672,
      2.1132888793945312,
      2.112238645553589,
      2.1118969917297363,
      2.1081786155700684,
      2.1080405712127686,
      2.106066942214966,
      2.105900526046753,
      2.1063947677612305,
      2.1037940979003906,
      2.104477643966675,
      2.104133129119873,
      2.1069350242614746,
      2.1048567295074463,
      2.1051199436187744,
      2.1058425903320312,
      2.106574058532715,
      2.1042072772979736,
      2.1041576862335205,
      2.1070985794067383,
      2.102508544921875,
      2.1047792434692383,
      2.1061503887176514,
      2.1048545837402344,
      2.104755401611328,
      2.1028780937194824,
      2.1044082641601562,
      2.1035308837890625,
      2.1033143997192383,
      2.1037936210632324,
      2.1066296100616455,
      2.1040406227111816,
      2.103264331817627,
      2.1035563945770264,
      2.1039254665374756,
      2.1025383472442627,
      2.1016287803649902,
      2.1043753623962402,
      2.101635694503784,
      2.102863073348999,
      2.103811025619507,
      2.0998501777648926,
      2.1015334129333496,
      2.1028826236724854,
      2.1032352447509766,
      2.0991933345794678,
      2.10215163230896,
      2.1008718013763428,
      2.102360725402832,
      2.0984959602355957,
      2.1027567386627197,
      2.1002845764160156,
      2.099172830581665,
      2.098175048828125,
      2.102499008178711,
      2.100710153579712,
      2.1007211208343506
    ],
    "val_f1_weighted": [
      0.105725802921596,
      0.10546016020068748,
      0.10546016020068748,
      0.10546016020068748,
      0.10546016020068748,
      0.10546016020068748,
      0.10546016020068748,
      0.10546016020068748,
      0.10546016020068748,
      0.10546016020068748,
      0.10546016020068748,
      0.10546016020068748,
      0.10546016020068748,
      0.10546016020068748,
      0.10546016020068748,
      0.10546016020068748,
      0.10546016020068748,
      0.10546016020068748,
      0.10546016020068748,
      0.10546016020068748,
      0.10546016020068748,
      0.10546016020068748,
      0.10546016020068748,
      0.10546016020068748,
      0.10546016020068748,
      0.10546016020068748,
      0.10546016020068748,
      0.10546016020068748,
      0.10546016020068748,
      0.10546016020068748,
      0.10546016020068748,
      0.10546016020068748,
      0.10546016020068748,
      0.10546016020068748,
      0.10546016020068748,
      0.10546016020068748,
      0.10546016020068748,
      0.10546016020068748,
      0.10546016020068748,
      0.10546016020068748,
      0.10546016020068748,
      0.10546016020068748,
      0.10546016020068748,
      0.10546016020068748,
      0.10546016020068748,
      0.10546016020068748,
      0.10546016020068748,
      0.10546016020068748,
      0.10546016020068748,
      0.10546016020068748,
      0.10546016020068748,
      0.10546016020068748,
      0.10546016020068748,
      0.10546016020068748,
      0.10546016020068748,
      0.10546016020068748,
      0.10546016020068748,
      0.10546016020068748,
      0.10546016020068748,
      0.10546016020068748,
      0.10546016020068748,
      0.10546016020068748,
      0.10546016020068748,
      0.10546016020068748,
      0.10546016020068748,
      0.10546016020068748,
      0.10546016020068748,
      0.10546016020068748,
      0.10546016020068748,
      0.10546016020068748,
      0.10546016020068748,
      0.10546016020068748,
      0.10546016020068748,
      0.10546016020068748,
      0.10546016020068748,
      0.10546016020068748,
      0.10546016020068748,
      0.10546016020068748,
      0.10546016020068748,
      0.10546016020068748,
      0.10546016020068748,
      0.10546016020068748,
      0.10546016020068748,
      0.10546016020068748,
      0.10546016020068748,
      0.10546016020068748,
      0.10546016020068748,
      0.10546016020068748,
      0.10546016020068748,
      0.10546016020068748,
      0.10546016020068748,
      0.10546016020068748,
      0.10546016020068748,
      0.10546016020068748,
      0.10546016020068748,
      0.10546016020068748,
      0.10546016020068748,
      0.10546016020068748,
      0.10546016020068748,
      0.10546016020068748,
      0.10546016020068748
    ],