{
  "best_val_f1_weighted": 0.6892799383904505,
  "best_test_metrics": {
    "accuracy": 0.81,
    "f1_macro": 0.7617554858934169,
    "f1_micro": 0.81,
    "f1_weighted": 0.7896300940438872
  },
  "timing": {
    "total_train_loop_sec": 23.36389099783264,
    "total_train_step_sec": 15.737797984853387,
    "total_eval_during_train_sec": 7.617561403196305,
    "avg_sec_per_epoch": 0.17179331616053412,
    "total_test_eval_sec": 0.051765152951702476
  },
  "curves": {
    "epoch": [
      1,
      2,
      3,
      4,
      5,
      6,
      7,
      8,
      9,
      10,
      11,
      12,
      13,
      14,
      15,
      16,
      17,
      18,
      19,
      20,
      21,
      22,
      23,
      24,
      25,
      26,
      27,
      28,
      29,
      30,
      31,
      32,
      33,
      34,
      35,
      36,
      37,
      38,
      39,
      40,
      41,
      42,
      43,
      44,
      45,
      46,
      47,
      48,
      49,
      50,
      51,
      52,
      53,
      54,
      55,
      56,
      57,
      58,
      59,
      60,
      61,
      62,
      63,
      64,
      65,
      66,
      67,
      68,
      69,
      70,
      71,
      72,
      73,
      74,
      75,
      76,
      77,
      78,
      79,
      80,
      81,
      82,
      83,
      84,
      85,
      86,
      87,
      88,
      89,
      90,
      91,
      92,
      93,
      94,
      95,
      96,
      97,
      98,
      99,
      100,
      101,
      102,
      103,
      104,
      105,
      106,
      107,
      108,
      109,
      110,
      111,
      112,
      113,
      114,
      115,
      116,
      117,
      118,
      119,
      120,
      121,
      122,
      123,
      124,
      125,
      126,
      127,
      128,
      129,
      130,
      131,
      132,
      133,
      134,
      135,
      136
    ],
    "loss": [
      0.6931467652320862,
      0.6909152865409851,
      0.690120279788971,
      0.6875520944595337,
      0.6860572695732117,
      0.6835874319076538,
      0.6824923753738403,
      0.6810807585716248,
      0.6799827814102173,
      0.6778876185417175,
      0.6767885088920593,
      0.6732091903686523,
      0.6736506223678589,
      0.6724501848220825,
      0.672395646572113,
      0.6702026724815369,
      0.6734098792076111,
      0.6690925359725952,
      0.6700735092163086,
      0.6661935448646545,
      0.6686998009681702,
      0.6660566329956055,
      0.6630566716194153,
      0.6644790768623352,
      0.660959780216217,
      0.6576210856437683,
      0.6577633619308472,
      0.6565106511116028,
      0.6511024236679077,
      0.6516346335411072,
      0.6498686075210571,
      0.643140971660614,
      0.6445099711418152,
      0.6330649852752686,
      0.6387156248092651,
      0.6377562284469604,
      0.6357787847518921,
      0.6404072642326355,
      0.6331127882003784,
      0.6215547323226929,
      0.6320223212242126,
      0.6242162585258484,
      0.6278643012046814,
      0.6222455501556396,
      0.6122477054595947,
      0.6038250923156738,
      0.5996108651161194,
      0.5889641046524048,
      0.5948225855827332,
      0.593493640422821,
      0.5831792950630188,
      0.5966549515724182,
      0.601909875869751,
      0.5878065228462219,
      0.595269501209259,
      0.6004102826118469,
      0.5904207825660706,
      0.5830885767936707,
      0.5953550338745117,
      0.5817925333976746,
      0.5779087543487549,
      0.580082356929779,
      0.5776041746139526,
      0.579297661781311,
      0.5935139060020447,
      0.5797898173332214,
      0.5778994560241699,
      0.5727394819259644,
      0.5762548446655273,
      0.583768367767334,
      0.5827972292900085,
      0.5924478769302368,
      0.576713502407074,
      0.5804235935211182,
      0.5761430859565735,
      0.5760979056358337,
      0.5617411136627197,
      0.5917283296585083,
      0.5746814012527466,
      0.5772898197174072,
      0.5690900683403015,
      0.5679672360420227,
      0.5714295506477356,
      0.5688198208808899,
      0.5710334181785583,
      0.5661221742630005,
      0.5667704343795776,
      0.5737775564193726,
      0.5734954476356506,
      0.5684398412704468,
      0.5639451742172241,
      0.5634521245956421,
      0.5683908462524414,
      0.570620059967041,
      0.5649200081825256,
      0.5613349676132202,
      0.5695161819458008,
      0.5637049078941345,
      0.5619186162948608,
      0.5601249933242798,
      0.5638166069984436,
      0.5597289800643921,
      0.5594174861907959,
      0.5611681342124939,
      0.5630647540092468,
      0.5784761309623718,
      0.5657173991203308,
      0.5646321773529053,
      0.5635017156600952,
      0.5642805695533752,
      0.5601059198379517,
      0.5503273010253906,
      0.5828413367271423,
      0.5640196800231934,
      0.5627095699310303,
      0.5601160526275635,
      0.5657103061676025,
      0.5631643533706665,
      0.5569369792938232,
      0.5511486530303955,
      0.5581110119819641,
      0.5605071187019348,
      0.558615505695343,
      0.5586181879043579,
      0.5628077387809753,
      0.5690775513648987,
      0.5566556453704834,
      0.549469530582428,
      0.5618094205856323,
      0.559749960899353,
      0.5590392351150513,
      0.5578882098197937,
      0.5588470101356506,
      0.5672414898872375,
      0.5739629864692688,
      0.5674594640731812
    ],