{
  "best_auc": 0.7119098592342541,
  "best_ap": 0.7153104049474543,
  "best_test_metrics": {
    "accuracy": 0.5,
    "f1_macro": 0.3333333333333333,
    "f1_micro": 0.5,
    "f1_weighted": 0.3333333333333333
  },
  "timing": {
    "total_train_loop_sec": 15.842654400970787,
    "total_train_step_sec": 10.784942152444273,
    "total_eval_during_train_sec": 5.050426257075742,
    "avg_sec_per_epoch": 0.15233321539394987,
    "total_test_eval_sec": 0.04827193194068968
  },
  "curves": {
    "epoch": [
      1,
      2,
      3,
      4,
      5,
      6,
      7,
      8,
      9,
      10,
      11,
      12,
      13,
      14,
      15,
      16,
      17,
      18,
      19,
      20,
      21,
      22,
      23,
      24,
      25,
      26,
      27,
      28,
      29,
      30,
      31,
      32,
      33,
      34,
      35,
      36,
      37,
      38,
      39,
      40,
      41,
      42,
      43,
      44,
      45,
      46,
      47,
      48,
      49,
      50,
      51,
      52,
      53,
      54,
      55,
      56,
      57,
      58,
      59,
      60,
      61,
      62,
      63,
      64,
      65,
      66,
      67,
      68,
      69,
      70,
      71,
      72,
      73,
      74,
      75,
      76,
      77,
      78,
      79,
      80,
      81,
      82,
      83,
      84,
      85,
      86,
      87,
      88,
      89,
      90,
      91,
      92,
      93,
      94,
      95,
      96,
      97,
      98,
      99,
      100,
      101,
      102,
      103,
      104
    ],
    "loss": [
      0.774079442024231,
      0.7706944346427917,
      0.7647936940193176,
      0.7603732347488403,
      0.7554112076759338,
      0.7494101524353027,
      0.7361996173858643,
      0.7237608432769775,
      0.7190752029418945,
      0.7278732061386108,
      0.7283729910850525,
      0.7250921130180359,
      0.7224776744842529,
      0.7194930911064148,
      0.7147580981254578,
      0.7122206091880798,
      0.7103641033172607,
      0.7060067653656006,
      0.703865110874176,
      0.7008017897605896,
      0.6987330317497253,
      0.6952057480812073,
      0.6945987939834595,
      0.6938039660453796,
      0.6921068429946899,
      0.6880028247833252,
      0.6902065873146057,
      0.6885120272636414,
      0.6878045201301575,
      0.6874418258666992,
      0.6837320923805237,
      0.6742092967033386,
      0.6814063787460327,
      0.6839032769203186,
      0.6811244487762451,
      0.6724831461906433,
      0.6739939451217651,
      0.6729332208633423,
      0.6710211634635925,
      0.6721210479736328,
      0.6713274717330933,
      0.670590877532959,
      0.669301450252533,
      0.6678698062896729,
      0.6667551398277283,
      0.6644880771636963,
      0.6628620624542236,
      0.6619394421577454,
      0.6603160500526428,
      0.6597325801849365,
      0.6573553085327148,
      0.6576955318450928,
      0.6584827899932861,
      0.6591015458106995,
      0.6578075289726257,
      0.6582135558128357,
      0.6581686735153198,
      0.6569530963897705,
      0.6584858894348145,
      0.6575177311897278,
      0.6564772129058838,
      0.6572042107582092,
      0.6567402482032776,
      0.6565957069396973,
      0.6567233204841614,
      0.6566791534423828,
      0.6557137966156006,
      0.6560168266296387,
      0.6571865677833557,
      0.6548575162887573,
      0.6575919985771179,
      0.6556094884872437,
      0.655153751373291,
      0.6561927795410156,
      0.6548579335212708,
      0.6550615429878235,
      0.6552948355674744,
      0.6545919179916382,
      0.6548221707344055,
      0.6537798047065735,
      0.6547698378562927,
      0.6553149223327637,
      0.6545441746711731,
      0.6542658805847168,
      0.6541982889175415,
      0.6536900997161865,
      0.6533532738685608,
      0.6534320712089539,
      0.6539294719696045,
      0.6506955027580261,
      0.6518552899360657,
      0.6545458436012268,
      0.6552417278289795,
      0.6541547775268555,
      0.6537782549858093,
      0.6532031893730164,
      0.6532217264175415,
      0.6482987403869629,
      0.6531851887702942,
      0.6536217927932739,
      0.653964102268219,
      0.6534223556518555,
      0.6535021066665649,
      0.6530753374099731
    ],
    "test_auc": [
      0.6991325957710436,
      0.7061579997817586,
      0.7088073103851258,
      0.7119098592342541,
      0.7059020940620722,
      0.7083694194424988,
      0.7100912038128897,
      0.6918299546972956,
      0.6467452805282852,
      0.6438168320491113,
      0.6430820623114588,
      0.6406145257296129,
      0.6399476924484933,
      0.6389901052135071,
      0.6362438531586931,
      0.6323963265033141,
      0.6294350714036798,
      0.6265971579329013,
      0.6224635237548796,
      0.6181795845668083,
      0.6166797024876007,
      0.6158781227009845,
      0.6167684070836956,
      0.6182509002460497,
      0.6204048731207474,
      0.6231430291211557,
      0.6253570535994002,
      0.6279440597840817,
      0.6308518809246397,
      0.6342691902889588,
      0.6382057735427982,
      0.6422714712642869,
      0.6464569201905037,
      0.6483268271562784,
      0.650824917543446,
      0.6537385115227974,
      0.6563290377311335,
      0.6591319621667858,
      0.6610526278736593,
      0.6638340097645457,
      0.6659620048646727,
      0.6659356046872635,
      0.6689907740180013,
      0.671707598675063,
      0.6738132768252203,
      0.6753258309895842,
      0.6761354364301329,
      0.6762857414401825,
      0.6759118445275951,
      0.675508590617729,
      0.6754864848691783,
      0.6754651535258317,
      0.6754912721013485,
      0.6779229044419178,
      0.6778006892206316,
      0.6776434145637459,
      0.6779313524986887,
      0.6779474742070267,
      0.6779179060083284,
      0.6778533487745037,
      0.6777829483014126,
      0.6777055077810122,
      0.677624969639796,
      0.6775113432762269,
      0.677411163403018,
      0.6769787636972919,
      0.6769406770413497,
      0.6772086212419346,
      0.6770985149020202,
      0.6770398009074621,
      0.6766241565143318,
      0.6764923668287052,
      0.676561852095646,
      0.6768730925871821,
      0.6769031535891921,
      0.6769058992076427,
      0.677550908342104,
      0.678109817697975,
      0.6780908799707134,
      0.678029490758178,
      0.6779530358444009,
      0.6778580656062009,
      0.6777250087120585,
      0.6775913886141316,
      0.6774645973620943,
      0.677292890608225,
      0.6765450263825772,
      0.6757154272076707,
      0.6770102327087637,
      0.6769852405408164,
      0.6769833397280429,
      0.6769326513874173,
      0.6768905519045088,
      0.6768307819028543,
      0.6767596774250322,
      0.6766618911679086,
      0.6765375639324296,
      0.6763600843397668,
      0.6761964736403029,
      0.676051519066208,
      0.6760387061801054,
      0.6760233588769716,
      0.6760049139530218,
      0.6759806961902783
    ],