{
  "best_auc": 0.23918269230769232,
  "best_ap": 0.3586192224166783,
  "best_test_metrics": {
    "accuracy": 0.5,
    "f1_macro": 0.3333333333333333,
    "f1_micro": 0.5,
    "f1_weighted": 0.3333333333333333
  },
  "timing": {
    "total_train_loop_sec": 17.53971523977816,
    "total_train_step_sec": 12.165834084386006,
    "total_eval_during_train_sec": 5.365516012534499,
    "avg_sec_per_epoch": 0.14864165457439119,
    "total_test_eval_sec": 0.04538432811386883
  },
  "curves": {
    "epoch": [
      1,
      2,
      3,
      4,
      5,
      6,
      7,
      8,
      9,
      10,
      11,
      12,
      13,
      14,
      15,
      16,
      17,
      18,
      19,
      20,
      21,
      22,
      23,
      24,
      25,
      26,
      27,
      28,
      29,
      30,
      31,
      32,
      33,
      34,
      35,
      36,
      37,
      38,
      39,
      40,
      41,
      42,
      43,
      44,
      45,
      46,
      47,
      48,
      49,
      50,
      51,
      52,
      53,
      54,
      55,
      56,
      57,
      58,
      59,
      60,
      61,
      62,
      63,
      64,
      65,
      66,
      67,
      68,
      69,
      70,
      71,
      72,
      73,
      74,
      75,
      76,
      77,
      78,
      79,
      80,
      81,
      82,
      83,
      84,
      85,
      86,
      87,
      88,
      89,
      90,
      91,
      92,
      93,
      94,
      95,
      96,
      97,
      98,
      99,
      100,
      101,
      102,
      103,
      104,
      105,
      106,
      107,
      108,
      109,
      110,
      111,
      112,
      113,
      114,
      115,
      116,
      117,
      118
    ],
    "loss": [
      0.7194473147392273,
      0.7185182571411133,
      0.720037579536438,
      0.7163744568824768,
      0.7181057333946228,
      0.7178252935409546,
      0.7171026468276978,
      0.7191495895385742,
      0.7184658646583557,
      0.7168136835098267,
      0.7177339196205139,
      0.716008722782135,
      0.7190054059028625,
      0.7172098159790039,
      0.7160398364067078,
      0.7218659520149231,
      0.7207148671150208,
      0.7199316024780273,
      0.7159404158592224,
      0.7184993624687195,
      0.7161322832107544,
      0.7151117920875549,
      0.7140300869941711,
      0.7133663296699524,
      0.7134256362915039,
      0.7086091041564941,
      0.7173112630844116,
      0.7157043814659119,
      0.7200510501861572,
      0.7140465974807739,
      0.7196974754333496,
      0.7181982398033142,
      0.7176721096038818,
      0.7201662063598633,
      0.7171182632446289,
      0.7177733778953552,
      0.7098031640052795,
      0.7156689167022705,
      0.7168195247650146,
      0.7123420238494873,
      0.7165290117263794,
      0.713213324546814,
      0.7120488882064819,
      0.7087031602859497,
      0.7130396962165833,
      0.7090856432914734,
      0.7047584652900696,
      0.7055163979530334,
      0.6999037861824036,
      0.702848494052887,
      0.7009164094924927,
      0.7015023827552795,
      0.7040010094642639,
      0.7013517022132874,
      0.7002784609794617,
      0.6996721625328064,
      0.7019324898719788,
      0.7025465369224548,
      0.7004970908164978,
      0.6997118592262268,
      0.6980069875717163,
      0.7028382420539856,
      0.6960776448249817,
      0.6984080076217651,
      0.6957898139953613,
      0.7006927728652954,
      0.6973738074302673,
      0.695908784866333,
      0.701289176940918,
      0.701106071472168,
      0.698348343372345,
      0.6994948983192444,
      0.6964666843414307,
      0.696911633014679,
      0.6967401504516602,
      0.6935845017433167,
      0.6926893591880798,
      0.6973211765289307,
      0.6954361200332642,
      0.6955122947692871,
      0.6954694986343384,
      0.694757878780365,
      0.6924844980239868,
      0.6919916868209839,
      0.6938634514808655,
      0.6991400718688965,
      0.6972665786743164,
      0.692268967628479,
      0.6935750246047974,
      0.6942108273506165,
      0.6934092044830322,
      0.6930585503578186,
      0.6962916254997253,
      0.6963472962379456,
      0.6939861178398132,
      0.6949998140335083,
      0.6939816474914551,
      0.6963533163070679,
      0.6956121921539307,
      0.6886636018753052,
      0.691405713558197,
      0.6974107623100281,
      0.6926842331886292,
      0.6937798857688904,
      0.69151371717453,
      0.694794774055481,
      0.6872599720954895,
      0.6933639049530029,
      0.6929129958152771,
      0.6920844316482544,
      0.6948202848434448,
      0.6891304850578308,
      0.6901001930236816,
      0.6877961158752441,
      0.692176342010498,
      0.6976143717765808,
      0.6911675930023193,
      0.6915486454963684
    ],
    "test_auc": [
      0.2229105029585799,
      0.21523668639053256,
      0.1776997041420118,
      0.17806952662721892,
      0.1790865384615385,
      0.1803809171597633,
      0.1964681952662722,
      0.19656065088757396,
      0.18287721893491127,
      0.18851701183431951,
      0.18223002958579881,
      0.17723742603550297,
      0.1898113905325444,
      0.18592825443786984,
      0.18768491124260356,
      0.19933431952662722,
      0.22161612426035504,
      0.23918269230769232,
      0.22438979289940827,
      0.1859282544378698,
      0.19286242603550297,
      0.18361686390532544,
      0.19785502958579881,
      0.19452662721893488,
      0.20968934911242604,
      0.2322485207100592,
      0.22799556213017752,
      0.22725591715976334,
      0.22938239644970415,
      0.2328032544378698,
      0.21958210059171596,
      0.21255547337278108,
      0.2057137573964497,
      0.21680843195266272,
      0.23613165680473372,
      0.2302144970414201,
      0.22670118343195267,
      0.22633136094674558,
      0.22679363905325445,
      0.22383505917159763,
      0.21699334319526628,
      0.21754807692307696,
      0.20636094674556213,
      0.19970414201183434,
      0.19951923076923078,
      0.20395710059171596,
      0.2057137573964497,
      0.20441937869822485,
      0.20589866863905326,
      0.20931952662721892,
      0.20959689349112426,
      0.20968934911242604,
      0.20996671597633138,
      0.21015162721893493,
      0.2098742603550296,
      0.20959689349112426,
      0.20959689349112426,
      0.20913461538461536,
      0.20857988165680474,
      0.2083025147928994,
      0.20811760355029585,
      0.20811760355029585,
      0.2061760355029586,
      0.20645340236686388,
      0.20691568047337278,
      0.2072855029585799,
      0.20737795857988167,
      0.20747041420118345,
      0.207655325443787,
      0.2080251479289941,
      0.20839497041420119,
      0.20857988165680474,
      0.2087647928994083,
      0.2087647928994083,
      0.20913461538461542,
      0.20894970414201183,
      0.2090421597633136,
      0.20922707100591717,
      0.20931952662721892,
      0.20931952662721892,
      0.2096893491124261,
      0.20978180473372787,
      0.20978180473372782,
      0.21005917159763315,
      0.2102440828402367,
      0.2102440828402367,
      0.2102440828402367,
      0.21015162721893493,
      0.21015162721893488,
      0.21005917159763315,
      0.2101516272189349,
      0.209689349112426,
      0.20987426035502957,
      0.2101516272189349,
      0.21005917159763313,
      0.20996671597633138,
      0.2090421597633136,
      0.2048816568047337,
      0.2054363905325444,
      0.2050665680473373,
      0.20506656804733728,
      0.20506656804733728,
      0.20515902366863906,
      0.20515902366863906,
      0.2052514792899408,
      0.2052514792899408,
      0.2053439349112426,
      0.2053439349112426,
      0.2053439349112426,
      0.20543639053254437,
      0.20543639053254437,
      0.20543639053254437,
      0.20552884615384615,
      0.20552884615384615,
      0.20552884615384615,
      0.20562130177514792,
      0.20562130177514792,
      0.20562130177514792
    ],