{
  "best_auc": 0.28836908284023666,
  "best_ap": 0.3731511612377547,
  "best_test_metrics": {
    "accuracy": 0.5,
    "f1_macro": 0.3333333333333333,
    "f1_micro": 0.5,
    "f1_weighted": 0.3333333333333333
  },
  "timing": {
    "total_train_loop_sec": 15.610931056085974,
    "total_train_step_sec": 10.814818541286513,
    "total_eval_during_train_sec": 4.7886542193591595,
    "avg_sec_per_epoch": 0.14867553386748547,
    "total_test_eval_sec": 0.046255131950601935
  },
  "curves": {
    "epoch": [
      1,
      2,
      3,
      4,
      5,
      6,
      7,
      8,
      9,
      10,
      11,
      12,
      13,
      14,
      15,
      16,
      17,
      18,
      19,
      20,
      21,
      22,
      23,
      24,
      25,
      26,
      27,
      28,
      29,
      30,
      31,
      32,
      33,
      34,
      35,
      36,
      37,
      38,
      39,
      40,
      41,
      42,
      43,
      44,
      45,
      46,
      47,
      48,
      49,
      50,
      51,
      52,
      53,
      54,
      55,
      56,
      57,
      58,
      59,
      60,
      61,
      62,
      63,
      64,
      65,
      66,
      67,
      68,
      69,
      70,
      71,
      72,
      73,
      74,
      75,
      76,
      77,
      78,
      79,
      80,
      81,
      82,
      83,
      84,
      85,
      86,
      87,
      88,
      89,
      90,
      91,
      92,
      93,
      94,
      95,
      96,
      97,
      98,
      99,
      100,
      101,
      102,
      103,
      104,
      105
    ],
    "loss": [
      0.7233324646949768,
      0.7191632390022278,
      0.7208557724952698,
      0.7209340929985046,
      0.7192880511283875,
      0.7213220000267029,
      0.7250133752822876,
      0.7200026512145996,
      0.7226399779319763,
      0.7229463458061218,
      0.7194523811340332,
      0.7194750905036926,
      0.7180927991867065,
      0.7173290252685547,
      0.7154319286346436,
      0.7155291438102722,
      0.7166643142700195,
      0.7147005200386047,
      0.7158904075622559,
      0.7145554423332214,
      0.7149868607521057,
      0.7149032950401306,
      0.7127971053123474,
      0.7142009139060974,
      0.7137171626091003,
      0.7122781872749329,
      0.7157906889915466,
      0.7106989622116089,
      0.7123360633850098,
      0.7155832648277283,
      0.7143151164054871,
      0.7163724899291992,
      0.7118483185768127,
      0.7132478356361389,
      0.7116050720214844,
      0.7156221270561218,
      0.7119596600532532,
      0.7130170464515686,
      0.7088078856468201,
      0.71083003282547,
      0.7112424373626709,
      0.7106297612190247,
      0.7104709148406982,
      0.706940770149231,
      0.7104084491729736,
      0.7085230350494385,
      0.7086130380630493,
      0.7050597667694092,
      0.7043673992156982,
      0.7007656097412109,
      0.7022712826728821,
      0.7025082111358643,
      0.7041558623313904,
      0.7017459869384766,
      0.7007566094398499,
      0.7023364901542664,
      0.704357922077179,
      0.7058061361312866,
      0.7036820650100708,
      0.7033870220184326,
      0.6999874711036682,
      0.7008146047592163,
      0.7007631063461304,
      0.7028869390487671,
      0.7037637829780579,
      0.6982349753379822,
      0.6999366879463196,
      0.7021380662918091,
      0.7000303268432617,
      0.7009647488594055,
      0.7018407583236694,
      0.6998234987258911,
      0.7002829313278198,
      0.6980350613594055,
      0.69951331615448,
      0.6982184648513794,
      0.7021490931510925,
      0.700425922870636,
      0.7000917792320251,
      0.6951226592063904,
      0.6965459585189819,
      0.7006248235702515,
      0.7010589838027954,
      0.696983814239502,
      0.6990384459495544,
      0.6968603730201721,
      0.6991386413574219,
      0.6984797120094299,
      0.6977537870407104,
      0.6933878064155579,
      0.6972508430480957,
      0.6951137185096741,
      0.6975308060646057,
      0.6932789087295532,
      0.6971402168273926,
      0.6950339078903198,
      0.6962085366249084,
      0.6963707804679871,
      0.6967731714248657,
      0.6945081949234009,
      0.696712076663971,
      0.6937274932861328,
      0.6963832974433899,
      0.6931252479553223,
      0.6991636753082275
    ],
    "test_auc": [
      0.2192122781065089,
      0.22744082840236687,
      0.26886094674556216,
      0.2823594674556213,
      0.28836908284023666,
      0.28106508875739644,
      0.2722818047337278,
      0.2692307692307692,
      0.2640532544378698,
      0.2624815088757396,
      0.2512019230769231,
      0.24685650887573962,
      0.2425110946745562,
      0.24713387573964496,
      0.25240384615384615,
      0.25693417159763315,
      0.26322115384615385,
      0.26895340236686394,
      0.2559171597633136,
      0.24297337278106507,
      0.23419008875739641,
      0.23627034023668642,
      0.23492973372781067,
      0.23474482248520712,
      0.2201368343195266,
      0.21209319526627218,
      0.20497411242603553,
      0.20127588757396453,
      0.21449704142011836,
      0.2180103550295858,
      0.2042344674556213,
      0.20580621301775148,
      0.21690088757396453,
      0.22688609467455623,
      0.23123150887573962,
      0.23603920118343194,
      0.2305843195266272,
      0.22771819526627218,
      0.22771819526627218,
      0.2265162721893491,
      0.22642381656804733,
      0.2265162721893491,
      0.22346523668639054,
      0.22254068047337278,
      0.2239275147928994,
      0.22744082840236687,
      0.23345044378698226,
      0.24038461538461536,
      0.23483727810650887,
      0.22605399408284024,
      0.22586908284023668,
      0.22605399408284022,
      0.22605399408284022,
      0.2256841715976331,
      0.22586908284023668,
      0.22633136094674555,
      0.22633136094674555,
      0.2254992603550296,
      0.22540680473372782,
      0.22522189349112426,
      0.2258690828402367,
      0.22586908284023666,
      0.22734837278106507,
      0.2276257396449704,
      0.22790310650887574,
      0.22781065088757396,
      0.22771819526627218,
      0.2276257396449704,
      0.22744082840236687,
      0.2272559171597633,
      0.22753328402366865,
      0.22753328402366862,
      0.2276257396449704,
      0.2272559171597633,
      0.2272559171597633,
      0.22734837278106507,
      0.22744082840236685,
      0.22753328402366862,
      0.2276257396449704,
      0.22771819526627218,
      0.2280880177514793,
      0.23039940828402367,
      0.23160133136094674,
      0.23160133136094674,
      0.2324334319526627,
      0.23243343195266275,
      0.23298816568047337,
      0.23345044378698226,
      0.232710798816568,
      0.23234097633136094,
      0.23197115384615385,
      0.23215606508875739,
      0.23252588757396447,
      0.23271079881656803,
      0.23261834319526625,
      0.23252588757396447,
      0.23252588757396447,
      0.23298816568047334,
      0.23252588757396447,
      0.23243343195266272,
      0.23234097633136092,
      0.23224852071005916,
      0.23224852071005916,
      0.23224852071005916,
      0.23234097633136092
    ],