{
  "best_val_f1_weighted": 0.28915209036002826,
  "best_test_metrics": {
    "accuracy": 0.41148325358851673,
    "f1_macro": 0.1943502824858757,
    "f1_micro": 0.41148325358851673,
    "f1_weighted": 0.23991565971940637
  },
  "timing": {
    "total_train_loop_sec": 15.465903265867382,
    "total_train_step_sec": 10.376186592970043,
    "total_eval_during_train_sec": 5.083634627982974,
    "avg_sec_per_epoch": 0.15312775510759785,
    "total_test_eval_sec": 0.05006208806298673
  },
  "curves": {
    "epoch": [
      1,
      2,
      3,
      4,
      5,
      6,
      7,
      8,
      9,
      10,
      11,
      12,
      13,
      14,
      15,
      16,
      17,
      18,
      19,
      20,
      21,
      22,
      23,
      24,
      25,
      26,
      27,
      28,
      29,
      30,
      31,
      32,
      33,
      34,
      35,
      36,
      37,
      38,
      39,
      40,
      41,
      42,
      43,
      44,
      45,
      46,
      47,
      48,
      49,
      50,
      51,
      52,
      53,
      54,
      55,
      56,
      57,
      58,
      59,
      60,
      61,
      62,
      63,
      64,
      65,
      66,
      67,
      68,
      69,
      70,
      71,
      72,
      73,
      74,
      75,
      76,
      77,
      78,
      79,
      80,
      81,
      82,
      83,
      84,
      85,
      86,
      87,
      88,
      89,
      90,
      91,
      92,
      93,
      94,
      95,
      96,
      97,
      98,
      99,
      100,
      101
    ],
    "loss": [
      1.375793695449829,
      1.362434983253479,
      1.3443071842193604,
      1.3359520435333252,
      1.3204323053359985,
      1.3052423000335693,
      1.2989031076431274,
      1.2840372323989868,
      1.2726410627365112,
      1.2616589069366455,
      1.25217604637146,
      1.2416136264801025,
      1.2304906845092773,
      1.2163528203964233,
      1.2077103853225708,
      1.1915456056594849,
      1.1801393032073975,
      1.1709158420562744,
      1.1609148979187012,
      1.1567028760910034,
      1.148292899131775,
      1.1409283876419067,
      1.1344205141067505,
      1.124266266822815,
      1.1219253540039062,
      1.1125881671905518,
      1.1049011945724487,
      1.1028079986572266,
      1.0986876487731934,
      1.0980136394500732,
      1.0911424160003662,
      1.084511399269104,
      1.078872561454773,
      1.0770368576049805,
      1.075964093208313,
      1.071798324584961,
      1.071496844291687,
      1.068062663078308,
      1.0665819644927979,
      1.0527044534683228,
      1.0557984113693237,
      1.0491554737091064,
      1.0556808710098267,
      1.0538129806518555,
      1.0466409921646118,
      1.0467109680175781,
      1.0352442264556885,
      1.0427969694137573,
      1.0265440940856934,
      1.0265932083129883,
      1.0245428085327148,
      1.0181907415390015,
      1.0162866115570068,
      1.0218011140823364,
      1.0086617469787598,
      1.02230703830719,
      1.0144128799438477,
      1.0174959897994995,
      1.0319616794586182,
      1.0221543312072754,
      1.0264713764190674,
      1.0139473676681519,
      1.0261948108673096,
      1.0044512748718262,
      1.0195578336715698,
      1.0178258419036865,
      1.0128117799758911,
      1.0152896642684937,
      1.0159151554107666,
      1.023172378540039,
      1.0126928091049194,
      1.0304052829742432,
      1.021798849105835,
      1.0127395391464233,
      1.0157219171524048,
      1.0239568948745728,
      1.0262072086334229,
      1.0138256549835205,
      1.0084773302078247,
      1.0125532150268555,
      1.0031318664550781,
      0.9996078610420227,
      1.0048221349716187,
      1.0028024911880493,
      1.022257924079895,
      1.0059051513671875,
      1.0166512727737427,
      1.0107582807540894,
      1.0134261846542358,
      1.0037564039230347,
      1.0034170150756836,
      1.0007508993148804,
      1.0012389421463013,
      0.9884019494056702,
      1.0059914588928223,
      1.0010138750076294,
      0.9989728331565857,
      0.9907094240188599,
      0.9978870749473572,
      1.0137859582901,
      1.0028865337371826
    ],
    "val_f1_weighted": [
      0.28915209036002826,
      0.28915209036002826,
      0.28915209036002826,
      0.28915209036002826,
      0.28915209036002826,
      0.28915209036002826,
      0.28915209036002826,
      0.28915209036002826,
      0.28915209036002826,
      0.28915209036002826,
      0.28915209036002826,
      0.28915209036002826,
      0.28915209036002826,
      0.28915209036002826,
      0.28915209036002826,
      0.28915209036002826,
      0.28915209036002826,
      0.28915209036002826,
      0.28915209036002826,
      0.28915209036002826,
      0.28915209036002826,
      0.28915209036002826,
      0.28915209036002826,
      0.28915209036002826,
      0.28915209036002826,
      0.28915209036002826,
      0.28915209036002826,
      0.28915209036002826,
      0.28915209036002826,
      0.28915209036002826,
      0.28915209036002826,
      0.28915209036002826,
      0.28915209036002826,
      0.28915209036002826,
      0.28915209036002826,
      0.28915209036002826,
      0.28915209036002826,
      0.28915209036002826,
      0.28915209036002826,
      0.28915209036002826,
      0.28915209036002826,
      0.28915209036002826,
      0.28915209036002826,
      0.28915209036002826,
      0.28915209036002826,
      0.28915209036002826,
      0.28915209036002826,
      0.28915209036002826,
      0.28915209036002826,
      0.28915209036002826,
      0.28915209036002826,
      0.28915209036002826,
      0.28915209036002826,
      0.28915209036002826,
      0.28915209036002826,
      0.28915209036002826,
      0.28915209036002826,
      0.28915209036002826,
      0.28915209036002826,
      0.28915209036002826,
      0.28915209036002826,
      0.28915209036002826,
      0.28915209036002826,
      0.28915209036002826,
      0.28915209036002826,
      0.28915209036002826,
      0.28915209036002826,
      0.28915209036002826,
      0.28915209036002826,
      0.28915209036002826,
      0.28915209036002826,
      0.28915209036002826,
      0.28915209036002826,
      0.28915209036002826,
      0.28915209036002826,
      0.28915209036002826,
      0.28915209036002826,
      0.28915209036002826,
      0.28915209036002826,
      0.28915209036002826,
      0.28915209036002826,
      0.28915209036002826,
      0.28915209036002826,
      0.28915209036002826,
      0.28915209036002826,
      0.28915209036002826,
      0.28915209036002826,
      0.28915209036002826,
      0.28915209036002826,
      0.28915209036002826,
      0.28915209036002826,
      0.28915209036002826,
      0.28915209036002826,
      0.28915209036002826,
      0.28915209036002826,
      0.28915209036002826,
      0.28915209036002826,
      0.28915209036002826,
      0.28915209036002826,
      0.28915209036002826,
      0.28915209036002826
    ],