{
  "best_val_f1_weighted": 0.23516583666959603,
  "best_test_metrics": {
    "accuracy": 0.4688995215311005,
    "f1_macro": 0.21281216069489683,
    "f1_micro": 0.4688995215311005,
    "f1_weighted": 0.2993625609775104
  },
  "timing": {
    "total_train_loop_sec": 15.450384359108284,
    "total_train_step_sec": 10.370375568047166,
    "total_eval_during_train_sec": 5.073864262551069,
    "avg_sec_per_epoch": 0.15297410256542857,
    "total_test_eval_sec": 0.05031252116896212
  },
  "curves": {
    "epoch": [
      1,
      2,
      3,
      4,
      5,
      6,
      7,
      8,
      9,
      10,
      11,
      12,
      13,
      14,
      15,
      16,
      17,
      18,
      19,
      20,
      21,
      22,
      23,
      24,
      25,
      26,
      27,
      28,
      29,
      30,
      31,
      32,
      33,
      34,
      35,
      36,
      37,
      38,
      39,
      40,
      41,
      42,
      43,
      44,
      45,
      46,
      47,
      48,
      49,
      50,
      51,
      52,
      53,
      54,
      55,
      56,
      57,
      58,
      59,
      60,
      61,
      62,
      63,
      64,
      65,
      66,
      67,
      68,
      69,
      70,
      71,
      72,
      73,
      74,
      75,
      76,
      77,
      78,
      79,
      80,
      81,
      82,
      83,
      84,
      85,
      86,
      87,
      88,
      89,
      90,
      91,
      92,
      93,
      94,
      95,
      96,
      97,
      98,
      99,
      100,
      101
    ],
    "loss": [
      1.3727645874023438,
      1.3595019578933716,
      1.3458912372589111,
      1.3366159200668335,
      1.3212342262268066,
      1.3130004405975342,
      1.2994574308395386,
      1.2894245386123657,
      1.2782365083694458,
      1.2668675184249878,
      1.2530755996704102,
      1.2464570999145508,
      1.2360520362854004,
      1.2227873802185059,
      1.2101298570632935,
      1.2009772062301636,
      1.1860148906707764,
      1.1839559078216553,
      1.1680907011032104,
      1.1632634401321411,
      1.153928279876709,
      1.141510009765625,
      1.13576078414917,
      1.1352181434631348,
      1.1256550550460815,
      1.119415521621704,
      1.108311414718628,
      1.1080284118652344,
      1.1054465770721436,
      1.0960508584976196,
      1.0968190431594849,
      1.0908719301223755,
      1.0882657766342163,
      1.082593560218811,
      1.0821102857589722,
      1.0776989459991455,
      1.074427843093872,
      1.0723885297775269,
      1.0657912492752075,
      1.0648077726364136,
      1.0612683296203613,
      1.0555598735809326,
      1.0588884353637695,
      1.054336428642273,
      1.052721619606018,
      1.0524405241012573,
      1.0420936346054077,
      1.0486196279525757,
      1.0342047214508057,
      1.04116690158844,
      1.037711262702942,
      1.0357394218444824,
      1.0299829244613647,
      1.027677059173584,
      1.0228954553604126,
      1.0337594747543335,
      1.0337860584259033,
      1.0339231491088867,
      1.023269534111023,
      1.0323729515075684,
      1.0305880308151245,
      1.0307482481002808,
      1.0330969095230103,
      1.0429186820983887,
      1.0324063301086426,
      1.022723913192749,
      1.0344749689102173,
      1.031543254852295,
      1.0293991565704346,
      1.0335856676101685,
      1.0316805839538574,
      1.035603404045105,
      1.0368049144744873,
      1.0299615859985352,
      1.0210756063461304,
      1.0285277366638184,
      1.0223551988601685,
      1.0203793048858643,
      1.027148962020874,
      1.019416332244873,
      1.0221586227416992,
      1.0206985473632812,
      1.022388219833374,
      1.022931456565857,
      1.025841474533081,
      1.0162291526794434,
      1.0194286108016968,
      1.0198173522949219,
      1.0132427215576172,
      1.0260061025619507,
      1.0129679441452026,
      1.0156276226043701,
      1.0182583332061768,
      1.0168204307556152,
      1.0120471715927124,
      1.017905592918396,
      1.0145403146743774,
      1.0163451433181763,
      1.0208717584609985,
      1.0121690034866333,
      1.0012171268463135
    ],
    "val_f1_weighted": [
      0.23516583666959603,
      0.23516583666959603,
      0.23516583666959603,
      0.23516583666959603,
      0.23516583666959603,
      0.23516583666959603,
      0.23516583666959603,
      0.23516583666959603,
      0.23516583666959603,
      0.23516583666959603,
      0.23516583666959603,
      0.23516583666959603,
      0.23516583666959603,
      0.23516583666959603,
      0.23516583666959603,
      0.23516583666959603,
      0.23516583666959603,
      0.23516583666959603,
      0.23516583666959603,
      0.23516583666959603,
      0.23516583666959603,
      0.23516583666959603,
      0.23516583666959603,
      0.23516583666959603,
      0.23516583666959603,
      0.23516583666959603,
      0.23516583666959603,
      0.23516583666959603,
      0.23516583666959603,
      0.23516583666959603,
      0.23516583666959603,
      0.23516583666959603,
      0.23516583666959603,
      0.23516583666959603,
      0.23516583666959603,
      0.23516583666959603,
      0.23516583666959603,
      0.23516583666959603,
      0.23516583666959603,
      0.23516583666959603,
      0.23516583666959603,
      0.23516583666959603,
      0.23516583666959603,
      0.23516583666959603,
      0.23516583666959603,
      0.23516583666959603,
      0.23516583666959603,
      0.23516583666959603,
      0.23516583666959603,
      0.23516583666959603,
      0.23516583666959603,
      0.23516583666959603,
      0.23516583666959603,
      0.23516583666959603,
      0.23516583666959603,
      0.23516583666959603,
      0.23516583666959603,
      0.23516583666959603,
      0.23516583666959603,
      0.23516583666959603,
      0.23516583666959603,
      0.23516583666959603,
      0.23516583666959603,
      0.23516583666959603,
      0.23516583666959603,
      0.23516583666959603,
      0.23516583666959603,
      0.23516583666959603,
      0.23516583666959603,
      0.23516583666959603,
      0.23516583666959603,
      0.23516583666959603,
      0.23516583666959603,
      0.23516583666959603,
      0.23516583666959603,
      0.23516583666959603,
      0.23516583666959603,
      0.23516583666959603,
      0.23516583666959603,
      0.23516583666959603,
      0.23516583666959603,
      0.23516583666959603,
      0.23516583666959603,
      0.23516583666959603,
      0.23516583666959603,
      0.23516583666959603,
      0.23516583666959603,
      0.23516583666959603,
      0.23516583666959603,
      0.23516583666959603,
      0.23516583666959603,
      0.23516583666959603,
      0.23516583666959603,
      0.23516583666959603,
      0.23516583666959603,
      0.23516583666959603,
      0.23516583666959603,
      0.23516583666959603,
      0.23516583666959603,
      0.23516583666959603,
      0.23516583666959603
    ],