{
  "best_val_f1_weighted": 0.4179231863442389,
  "best_test_metrics": {
    "accuracy": 0.42424242424242425,
    "f1_macro": 0.3522727272727273,
    "f1_micro": 0.42424242424242425,
    "f1_weighted": 0.30647382920110194
  },
  "timing": {
    "total_train_loop_sec": 15.02968191402033,
    "total_train_step_sec": 9.787574567366391,
    "total_eval_during_train_sec": 5.235832745442167,
    "avg_sec_per_epoch": 0.14880873182198345,
    "total_test_eval_sec": 0.05135359615087509
  },
  "curves": {
    "epoch": [
      1,
      2,
      3,
      4,
      5,
      6,
      7,
      8,
      9,
      10,
      11,
      12,
      13,
      14,
      15,
      16,
      17,
      18,
      19,
      20,
      21,
      22,
      23,
      24,
      25,
      26,
      27,
      28,
      29,
      30,
      31,
      32,
      33,
      34,
      35,
      36,
      37,
      38,
      39,
      40,
      41,
      42,
      43,
      44,
      45,
      46,
      47,
      48,
      49,
      50,
      51,
      52,
      53,
      54,
      55,
      56,
      57,
      58,
      59,
      60,
      61,
      62,
      63,
      64,
      65,
      66,
      67,
      68,
      69,
      70,
      71,
      72,
      73,
      74,
      75,
      76,
      77,
      78,
      79,
      80,
      81,
      82,
      83,
      84,
      85,
      86,
      87,
      88,
      89,
      90,
      91,
      92,
      93,
      94,
      95,
      96,
      97,
      98,
      99,
      100,
      101
    ],
    "loss": [
      0.6956005692481995,
      0.6939666867256165,
      0.692455530166626,
      0.6908766627311707,
      0.6894378066062927,
      0.6889447569847107,
      0.6882330179214478,
      0.6876358389854431,
      0.686938464641571,
      0.6868551969528198,
      0.6867813467979431,
      0.6869922876358032,
      0.6873177289962769,
      0.6855701804161072,
      0.6874317526817322,
      0.6850879788398743,
      0.6865604519844055,
      0.6854496598243713,
      0.6845011711120605,
      0.6841999292373657,
      0.684011697769165,
      0.6849239468574524,
      0.682926595211029,
      0.6848278641700745,
      0.6836349368095398,
      0.6820725798606873,
      0.6835603713989258,
      0.6807697415351868,
      0.6826587915420532,
      0.6825313568115234,
      0.6820546388626099,
      0.6813570857048035,
      0.6798911094665527,
      0.6773353815078735,
      0.6799658536911011,
      0.6793994307518005,
      0.675621509552002,
      0.6788120269775391,
      0.6773017644882202,
      0.6814311742782593,
      0.678169310092926,
      0.6777986884117126,
      0.6761924028396606,
      0.6802851557731628,
      0.6792545318603516,
      0.6789829730987549,
      0.6801837682723999,
      0.6741183996200562,
      0.6746916770935059,
      0.6756948232650757,
      0.6764010787010193,
      0.6732004284858704,
      0.6768699884414673,
      0.6731080412864685,
      0.6726589202880859,
      0.6712374091148376,
      0.6740821599960327,
      0.6758487224578857,
      0.6767808198928833,
      0.6750395894050598,
      0.6718762516975403,
      0.6800556182861328,
      0.6721754670143127,
      0.6768191456794739,
      0.6754499077796936,
      0.677385151386261,
      0.6743795871734619,
      0.6771584153175354,
      0.6767911911010742,
      0.6726837158203125,
      0.6747549772262573,
      0.6764633059501648,
      0.6769249439239502,
      0.6750435829162598,
      0.6670224070549011,
      0.6721881031990051,
      0.6766042113304138,
      0.6724163293838501,
      0.6759476065635681,
      0.6737914085388184,
      0.6753545999526978,
      0.6793102025985718,
      0.6754451990127563,
      0.6774506568908691,
      0.6731042265892029,
      0.6789571046829224,
      0.6789407730102539,
      0.6700565814971924,
      0.677036702632904,
      0.6732409596443176,
      0.6761239171028137,
      0.6745176315307617,
      0.6725077629089355,
      0.6780447363853455,
      0.6736927032470703,
      0.6711640357971191,
      0.6765519380569458,
      0.6735373735427856,
      0.6729488968849182,
      0.6735979318618774,
      0.6750069856643677
    ],
    "val_f1_weighted": [
      0.4179231863442389,
      0.3333333333333333,
      0.3333333333333333,
      0.3333333333333333,
      0.3333333333333333,
      0.3333333333333333,
      0.3333333333333333,
      0.3333333333333333,
      0.3333333333333333,
      0.3333333333333333,
      0.3333333333333333,
      0.3333333333333333,
      0.3333333333333333,
      0.3333333333333333,
      0.3333333333333333,
      0.3333333333333333,
      0.3333333333333333,
      0.3333333333333333,
      0.3333333333333333,
      0.3333333333333333,
      0.3333333333333333,
      0.3333333333333333,
      0.3333333333333333,
      0.3333333333333333,
      0.3333333333333333,
      0.3333333333333333,
      0.3333333333333333,
      0.3333333333333333,
      0.3333333333333333,
      0.3333333333333333,
      0.3333333333333333,
      0.3333333333333333,
      0.3333333333333333,
      0.3333333333333333,
      0.3333333333333333,
      0.3333333333333333,
      0.3333333333333333,
      0.3333333333333333,
      0.3333333333333333,
      0.3333333333333333,
      0.3333333333333333,
      0.3333333333333333,
      0.3333333333333333,
      0.3333333333333333,
      0.3333333333333333,
      0.3333333333333333,
      0.3333333333333333,
      0.3333333333333333,
      0.3333333333333333,
      0.3333333333333333,
      0.3333333333333333,
      0.3333333333333333,
      0.3333333333333333,
      0.3333333333333333,
      0.3333333333333333,
      0.3333333333333333,
      0.3333333333333333,
      0.3333333333333333,
      0.3333333333333333,
      0.3333333333333333,
      0.3333333333333333,
      0.3333333333333333,
      0.3333333333333333,
      0.3333333333333333,
      0.3333333333333333,
      0.3333333333333333,
      0.3333333333333333,
      0.3333333333333333,
      0.3333333333333333,
      0.3333333333333333,
      0.3333333333333333,
      0.3333333333333333,
      0.3333333333333333,
      0.3333333333333333,
      0.3333333333333333,
      0.3333333333333333,
      0.3333333333333333,
      0.3333333333333333,
      0.3333333333333333,
      0.3333333333333333,
      0.3333333333333333,
      0.3333333333333333,
      0.3333333333333333,
      0.3333333333333333,
      0.3333333333333333,
      0.3333333333333333,
      0.3333333333333333,
      0.3333333333333333,
      0.3333333333333333,
      0.3333333333333333,
      0.3333333333333333,
      0.3333333333333333,
      0.3333333333333333,
      0.3333333333333333,
      0.3333333333333333,
      0.3333333333333333,
      0.3333333333333333,
      0.3333333333333333,
      0.3333333333333333,
      0.3333333333333333,
      0.3333333333333333
    ],