{
  "best_val_f1_weighted": 0.3333333333333333,
  "best_test_metrics": {
    "accuracy": 0.6060606060606061,
    "f1_macro": 0.37735849056603776,
    "f1_micro": 0.6060606060606061,
    "f1_weighted": 0.45740423098913663
  },
  "timing": {
    "total_train_loop_sec": 17.171625374117866,
    "total_train_step_sec": 11.374852616107091,
    "total_eval_during_train_sec": 5.790461311582476,
    "avg_sec_per_epoch": 0.1700160928130482,
    "total_test_eval_sec": 0.05133370705880225
  },
  "curves": {
    "epoch": [
      1,
      2,
      3,
      4,
      5,
      6,
      7,
      8,
      9,
      10,
      11,
      12,
      13,
      14,
      15,
      16,
      17,
      18,
      19,
      20,
      21,
      22,
      23,
      24,
      25,
      26,
      27,
      28,
      29,
      30,
      31,
      32,
      33,
      34,
      35,
      36,
      37,
      38,
      39,
      40,
      41,
      42,
      43,
      44,
      45,
      46,
      47,
      48,
      49,
      50,
      51,
      52,
      53,
      54,
      55,
      56,
      57,
      58,
      59,
      60,
      61,
      62,
      63,
      64,
      65,
      66,
      67,
      68,
      69,
      70,
      71,
      72,
      73,
      74,
      75,
      76,
      77,
      78,
      79,
      80,
      81,
      82,
      83,
      84,
      85,
      86,
      87,
      88,
      89,
      90,
      91,
      92,
      93,
      94,
      95,
      96,
      97,
      98,
      99,
      100,
      101
    ],
    "loss": [
      0.6934832334518433,
      0.6914101839065552,
      0.6903458833694458,
      0.6890270113945007,
      0.6892891526222229,
      0.6881259083747864,
      0.6883640289306641,
      0.6871392130851746,
      0.6866369843482971,
      0.6864403486251831,
      0.6856889128684998,
      0.6856220364570618,
      0.6862163543701172,
      0.6860402822494507,
      0.6855716705322266,
      0.6857446432113647,
      0.6847984790802002,
      0.6846693158149719,
      0.6862460970878601,
      0.6843225955963135,
      0.6850684285163879,
      0.685190737247467,
      0.6830611824989319,
      0.683083713054657,
      0.6841598749160767,
      0.6823076009750366,
      0.6828120946884155,
      0.6823766827583313,
      0.6798719167709351,
      0.6805821657180786,
      0.6798685193061829,
      0.6821416616439819,
      0.6811954975128174,
      0.6810594797134399,
      0.6810192465782166,
      0.6769818663597107,
      0.6800904870033264,
      0.679574728012085,
      0.6803598403930664,
      0.6804155111312866,
      0.6787686944007874,
      0.677670955657959,
      0.6768768429756165,
      0.6791642308235168,
      0.6798007488250732,
      0.6813504695892334,
      0.6765438318252563,
      0.6770824790000916,
      0.6804618239402771,
      0.6777269244194031,
      0.6734710335731506,
      0.6817691922187805,
      0.6755542755126953,
      0.6749295592308044,
      0.6786364316940308,
      0.6769577264785767,
      0.6785053014755249,
      0.6786613464355469,
      0.6795181632041931,
      0.6732099652290344,
      0.6782535314559937,
      0.6755082011222839,
      0.6756829023361206,
      0.6771173477172852,
      0.6773021817207336,
      0.6762562990188599,
      0.6781460642814636,
      0.6806047558784485,
      0.6772342324256897,
      0.6795118451118469,
      0.675891637802124,
      0.6752696633338928,
      0.6798309683799744,
      0.6764713525772095,
      0.6798245906829834,
      0.6764081120491028,
      0.676044225692749,
      0.679595410823822,
      0.6756635308265686,
      0.6760381460189819,
      0.6782279014587402,
      0.6765174865722656,
      0.6762074828147888,
      0.6742659211158752,
      0.6754581332206726,
      0.6765487790107727,
      0.6727892160415649,
      0.6762619614601135,
      0.6769575476646423,
      0.6800299286842346,
      0.6751919388771057,
      0.6766093969345093,
      0.6771270632743835,
      0.6777569651603699,
      0.6781148910522461,
      0.6719108819961548,
      0.6768358945846558,
      0.6765980124473572,
      0.6733529567718506,
      0.6778828501701355,
      0.6729527711868286
    ],
    "val_f1_weighted": [
      0.3333333333333333,
      0.3333333333333333,
      0.3333333333333333,
      0.3333333333333333,
      0.3333333333333333,
      0.3333333333333333,
      0.3333333333333333,
      0.3333333333333333,
      0.3333333333333333,
      0.3333333333333333,
      0.3333333333333333,
      0.3333333333333333,
      0.3333333333333333,
      0.3333333333333333,
      0.3333333333333333,
      0.3333333333333333,
      0.3333333333333333,
      0.3333333333333333,
      0.3333333333333333,
      0.3333333333333333,
      0.3333333333333333,
      0.3333333333333333,
      0.3333333333333333,
      0.3333333333333333,
      0.3333333333333333,
      0.3333333333333333,
      0.3333333333333333,
      0.3333333333333333,
      0.3333333333333333,
      0.3333333333333333,
      0.3333333333333333,
      0.3333333333333333,
      0.3333333333333333,
      0.3333333333333333,
      0.3333333333333333,
      0.3333333333333333,
      0.3333333333333333,
      0.3333333333333333,
      0.3333333333333333,
      0.3333333333333333,
      0.3333333333333333,
      0.3333333333333333,
      0.3333333333333333,
      0.3333333333333333,
      0.3333333333333333,
      0.3333333333333333,
      0.3333333333333333,
      0.3333333333333333,
      0.3333333333333333,
      0.3333333333333333,
      0.3333333333333333,
      0.3333333333333333,
      0.3333333333333333,
      0.3333333333333333,
      0.3333333333333333,
      0.3333333333333333,
      0.3333333333333333,
      0.3333333333333333,
      0.3333333333333333,
      0.3333333333333333,
      0.3333333333333333,
      0.3333333333333333,
      0.3333333333333333,
      0.3333333333333333,
      0.3333333333333333,
      0.3333333333333333,
      0.3333333333333333,
      0.3333333333333333,
      0.3333333333333333,
      0.3333333333333333,
      0.3333333333333333,
      0.3333333333333333,
      0.3333333333333333,
      0.3333333333333333,
      0.3333333333333333,
      0.3333333333333333,
      0.3333333333333333,
      0.3333333333333333,
      0.3333333333333333,
      0.3333333333333333,
      0.3333333333333333,
      0.3333333333333333,
      0.3333333333333333,
      0.3333333333333333,
      0.3333333333333333,
      0.3333333333333333,
      0.3333333333333333,
      0.3333333333333333,
      0.3333333333333333,
      0.3333333333333333,
      0.3333333333333333,
      0.3333333333333333,
      0.3333333333333333,
      0.3333333333333333,
      0.3333333333333333,
      0.3333333333333333,
      0.3333333333333333,
      0.3333333333333333,
      0.3333333333333333,
      0.3333333333333333,
      0.3333333333333333
    ],