{
  "best_val_f1_weighted": 0.4556188667299778,
  "best_test_metrics": {
    "accuracy": 0.5833333333333334,
    "f1_macro": 0.4563247553461399,
    "f1_micro": 0.5833333333333334,
    "f1_weighted": 0.4913616044460553
  },
  "timing": {
    "total_train_loop_sec": 16.043974478030577,
    "total_train_step_sec": 10.750168169150129,
    "total_eval_during_train_sec": 5.2875238712877035,
    "avg_sec_per_epoch": 0.1572938674316723,
    "total_test_eval_sec": 0.05188797786831856
  },
  "curves": {
    "epoch": [
      1,
      2,
      3,
      4,
      5,
      6,
      7,
      8,
      9,
      10,
      11,
      12,
      13,
      14,
      15,
      16,
      17,
      18,
      19,
      20,
      21,
      22,
      23,
      24,
      25,
      26,
      27,
      28,
      29,
      30,
      31,
      32,
      33,
      34,
      35,
      36,
      37,
      38,
      39,
      40,
      41,
      42,
      43,
      44,
      45,
      46,
      47,
      48,
      49,
      50,
      51,
      52,
      53,
      54,
      55,
      56,
      57,
      58,
      59,
      60,
      61,
      62,
      63,
      64,
      65,
      66,
      67,
      68,
      69,
      70,
      71,
      72,
      73,
      74,
      75,
      76,
      77,
      78,
      79,
      80,
      81,
      82,
      83,
      84,
      85,
      86,
      87,
      88,
      89,
      90,
      91,
      92,
      93,
      94,
      95,
      96,
      97,
      98,
      99,
      100,
      101,
      102
    ],
    "loss": [
      0.6935279965400696,
      0.6933443546295166,
      0.6931985020637512,
      0.6928958296775818,
      0.6927613615989685,
      0.6929059028625488,
      0.6927377581596375,
      0.6923443675041199,
      0.6929286122322083,
      0.6919450759887695,
      0.6921985149383545,
      0.6921620965003967,
      0.6915094256401062,
      0.6921963691711426,
      0.6918009519577026,
      0.6916521787643433,
      0.6917025446891785,
      0.6913309097290039,
      0.6913343071937561,
      0.6911230087280273,
      0.6912330389022827,
      0.691658079624176,
      0.6912435293197632,
      0.6911149024963379,
      0.6907182931900024,
      0.6909671425819397,
      0.6913520097732544,
      0.6909365653991699,
      0.6909237504005432,
      0.6906765699386597,
      0.6904603242874146,
      0.6903340816497803,
      0.689877986907959,
      0.6903463006019592,
      0.6903908848762512,
      0.6901764869689941,
      0.6898662447929382,
      0.6903886795043945,
      0.6903016567230225,
      0.6902578473091125,
      0.690156102180481,
      0.690199077129364,
      0.6901379227638245,
      0.6898471117019653,
      0.6897241473197937,
      0.6899371147155762,
      0.6895851492881775,
      0.6901634931564331,
      0.6900358200073242,
      0.6897022724151611,
      0.6897589564323425,
      0.6900243759155273,
      0.689720869064331,
      0.689990758895874,
      0.6896890997886658,
      0.6899992823600769,
      0.6900814771652222,
      0.6894968152046204,
      0.6893911361694336,
      0.6894420981407166,
      0.6897090077400208,
      0.6899024248123169,
      0.690085768699646,
      0.6897345781326294,
      0.6893494725227356,
      0.6891420483589172,
      0.6900904774665833,
      0.6898483037948608,
      0.6894567608833313,
      0.6901679635047913,
      0.690079391002655,
      0.6896268725395203,
      0.6893402934074402,
      0.6897993087768555,
      0.6898438930511475,
      0.689592182636261,
      0.6896085739135742,
      0.6901962161064148,
      0.690070390701294,
      0.6896137595176697,
      0.6893039345741272,
      0.6896908283233643,
      0.6902931928634644,
      0.6903640627861023,
      0.689673125743866,
      0.6902802586555481,
      0.6897865533828735,
      0.6898656487464905,
      0.689459502696991,
      0.6898845434188843,
      0.6896577477455139,
      0.6895564198493958,
      0.6897033452987671,
      0.6900485754013062,
      0.689631998538971,
      0.6890817284584045,
      0.6898612380027771,
      0.6900042295455933,
      0.6902176141738892,
      0.6898239254951477,
      0.6896039843559265,
      0.6893439888954163
    ],
    "val_f1_weighted": [
      0.4481481481481481,
      0.4556188667299778,
      0.4518518518518518,
      0.42324929971988795,
      0.4337437300501596,
      0.44420062695924767,
      0.44420062695924767,
      0.44420062695924767,
      0.4126893939393939,
      0.4126893939393939,
      0.3444444444444444,
      0.352014652014652,
      0.352014652014652,
      0.352014652014652,
      0.352014652014652,
      0.352014652014652,
      0.352014652014652,
      0.352014652014652,
      0.352014652014652,
      0.352014652014652,
      0.352014652014652,
      0.352014652014652,
      0.352014652014652,
      0.352014652014652,
      0.352014652014652,
      0.352014652014652,
      0.352014652014652,
      0.352014652014652,
      0.352014652014652,
      0.352014652014652,
      0.352014652014652,
      0.352014652014652,
      0.352014652014652,
      0.352014652014652,
      0.352014652014652,
      0.352014652014652,
      0.352014652014652,
      0.352014652014652,
      0.352014652014652,
      0.352014652014652,
      0.352014652014652,
      0.352014652014652,
      0.352014652014652,
      0.352014652014652,
      0.352014652014652,
      0.352014652014652,
      0.352014652014652,
      0.352014652014652,
      0.352014652014652,
      0.352014652014652,
      0.352014652014652,
      0.352014652014652,
      0.352014652014652,
      0.352014652014652,
      0.352014652014652,
      0.352014652014652,
      0.352014652014652,
      0.352014652014652,
      0.352014652014652,
      0.352014652014652,
      0.352014652014652,
      0.352014652014652,
      0.352014652014652,
      0.352014652014652,
      0.352014652014652,
      0.352014652014652,
      0.352014652014652,
      0.352014652014652,
      0.352014652014652,
      0.352014652014652,
      0.352014652014652,
      0.352014652014652,
      0.352014652014652,
      0.352014652014652,
      0.352014652014652,
      0.352014652014652,
      0.352014652014652,
      0.352014652014652,
      0.352014652014652,
      0.352014652014652,
      0.352014652014652,
      0.352014652014652,
      0.352014652014652,
      0.352014652014652,
      0.352014652014652,
      0.352014652014652,
      0.352014652014652,
      0.352014652014652,
      0.352014652014652,
      0.352014652014652,
      0.352014652014652,
      0.352014652014652,
      0.352014652014652,
      0.352014652014652,
      0.352014652014652,
      0.352014652014652,
      0.352014652014652,
      0.352014652014652,
      0.352014652014652,
      0.352014652014652,
      0.352014652014652,
      0.352014652014652
    ],