{
  "best_val_f1_weighted": 0.6,
  "best_test_metrics": {
    "accuracy": 0.6666666666666666,
    "f1_macro": 0.6527777777777778,
    "f1_micro": 0.6666666666666666,
    "f1_weighted": 0.662037037037037
  },
  "timing": {
    "total_train_loop_sec": 17.957556803012267,
    "total_train_step_sec": 12.015330471564084,
    "total_eval_during_train_sec": 5.935103743802756,
    "avg_sec_per_epoch": 0.15752242809659883,
    "total_test_eval_sec": 0.05201388103887439
  },
  "curves": {
    "epoch": [
      1,
      2,
      3,
      4,
      5,
      6,
      7,
      8,
      9,
      10,
      11,
      12,
      13,
      14,
      15,
      16,
      17,
      18,
      19,
      20,
      21,
      22,
      23,
      24,
      25,
      26,
      27,
      28,
      29,
      30,
      31,
      32,
      33,
      34,
      35,
      36,
      37,
      38,
      39,
      40,
      41,
      42,
      43,
      44,
      45,
      46,
      47,
      48,
      49,
      50,
      51,
      52,
      53,
      54,
      55,
      56,
      57,
      58,
      59,
      60,
      61,
      62,
      63,
      64,
      65,
      66,
      67,
      68,
      69,
      70,
      71,
      72,
      73,
      74,
      75,
      76,
      77,
      78,
      79,
      80,
      81,
      82,
      83,
      84,
      85,
      86,
      87,
      88,
      89,
      90,
      91,
      92,
      93,
      94,
      95,
      96,
      97,
      98,
      99,
      100,
      101,
      102,
      103,
      104,
      105,
      106,
      107,
      108,
      109,
      110,
      111,
      112,
      113,
      114
    ],
    "loss": [
      0.6952698826789856,
      0.6944937705993652,
      0.6953562498092651,
      0.694598376750946,
      0.6943932771682739,
      0.6942889094352722,
      0.6943166851997375,
      0.6938565373420715,
      0.6940033435821533,
      0.6932211518287659,
      0.6929913759231567,
      0.6929709911346436,
      0.6933831572532654,
      0.6928392052650452,
      0.6929688453674316,
      0.6933628916740417,
      0.6934537887573242,
      0.6927252411842346,
      0.6923359036445618,
      0.6930333375930786,
      0.6922687292098999,
      0.6919863224029541,
      0.6918222904205322,
      0.6918133497238159,
      0.6916954517364502,
      0.6917460560798645,
      0.6913475394248962,
      0.6916093230247498,
      0.6915825605392456,
      0.691229522228241,
      0.6907646656036377,
      0.6914482116699219,
      0.6907764077186584,
      0.6909128427505493,
      0.6907500624656677,
      0.6907239556312561,
      0.6901189684867859,
      0.6905625462532043,
      0.690632700920105,
      0.6899335384368896,
      0.690086305141449,
      0.6904519200325012,
      0.6900489330291748,
      0.6900662779808044,
      0.6903079748153687,
      0.6903678178787231,
      0.6896188259124756,
      0.690204918384552,
      0.6898180842399597,
      0.6901386380195618,
      0.689558207988739,
      0.6895910501480103,
      0.6899921298027039,
      0.689805805683136,
      0.6898189783096313,
      0.6896955370903015,
      0.6897228360176086,
      0.6898660063743591,
      0.6894856691360474,
      0.6901190280914307,
      0.6896243095397949,
      0.6900922060012817,
      0.6897942423820496,
      0.6895987391471863,
      0.6896408200263977,
      0.6893652081489563,
      0.6897659301757812,
      0.689324676990509,
      0.68996661901474,
      0.6901154518127441,
      0.6899287700653076,
      0.6894310712814331,
      0.6896520853042603,
      0.6897076964378357,
      0.6899119019508362,
      0.689723551273346,
      0.6898870468139648,
      0.6900606155395508,
      0.6898558735847473,
      0.6900202631950378,
      0.6896050572395325,
      0.6899429559707642,
      0.6893954277038574,
      0.6896672248840332,
      0.6899749636650085,
      0.6901373267173767,
      0.6896101236343384,
      0.6899697780609131,
      0.6896018385887146,
      0.6897232532501221,
      0.6899529695510864,
      0.6895836591720581,
      0.6900137066841125,
      0.6894278526306152,
      0.6890068054199219,
      0.689797043800354,
      0.6892213225364685,
      0.6896994709968567,
      0.6899563670158386,
      0.6901268362998962,
      0.6894704699516296,
      0.6896700859069824,
      0.689446747303009,
      0.6897256374359131,
      0.6899831295013428,
      0.689862847328186,
      0.689926266670227,
      0.6898763179779053,
      0.6891634464263916,
      0.6897411942481995,
      0.6899490356445312,
      0.689655601978302,
      0.689926266670227,
      0.6901246309280396
    ],
    "val_f1_weighted": [
      0.3149812734082397,
      0.3149812734082397,
      0.3149812734082397,
      0.3755129958960329,
      0.3661064425770308,
      0.3661064425770308,
      0.3661064425770308,
      0.3566137566137566,
      0.3566137566137566,
      0.3566137566137566,
      0.41527599486521183,
      0.43125,
      0.516,
      0.6,
      0.37949740244049773,
      0.37949740244049773,
      0.37949740244049773,
      0.38814814814814813,
      0.352014652014652,
      0.352014652014652,
      0.352014652014652,
      0.352014652014652,
      0.352014652014652,
      0.352014652014652,
      0.352014652014652,
      0.352014652014652,
      0.352014652014652,
      0.352014652014652,
      0.352014652014652,
      0.352014652014652,
      0.352014652014652,
      0.352014652014652,
      0.352014652014652,
      0.352014652014652,
      0.352014652014652,
      0.352014652014652,
      0.352014652014652,
      0.352014652014652,
      0.352014652014652,
      0.352014652014652,
      0.352014652014652,
      0.352014652014652,
      0.352014652014652,
      0.352014652014652,
      0.352014652014652,
      0.352014652014652,
      0.352014652014652,
      0.352014652014652,
      0.352014652014652,
      0.352014652014652,
      0.352014652014652,
      0.352014652014652,
      0.352014652014652,
      0.352014652014652,
      0.352014652014652,
      0.352014652014652,
      0.352014652014652,
      0.352014652014652,
      0.352014652014652,
      0.352014652014652,
      0.352014652014652,
      0.352014652014652,
      0.352014652014652,
      0.352014652014652,
      0.352014652014652,
      0.352014652014652,
      0.352014652014652,
      0.352014652014652,
      0.352014652014652,
      0.352014652014652,
      0.352014652014652,
      0.352014652014652,
      0.352014652014652,
      0.352014652014652,
      0.352014652014652,
      0.352014652014652,
      0.352014652014652,
      0.352014652014652,
      0.352014652014652,
      0.352014652014652,
      0.352014652014652,
      0.352014652014652,
      0.352014652014652,
      0.352014652014652,
      0.352014652014652,
      0.352014652014652,
      0.352014652014652,
      0.352014652014652,
      0.352014652014652,
      0.352014652014652,
      0.352014652014652,
      0.352014652014652,
      0.352014652014652,
      0.352014652014652,
      0.352014652014652,
      0.352014652014652,
      0.352014652014652,
      0.352014652014652,
      0.352014652014652,
      0.352014652014652,
      0.352014652014652,
      0.352014652014652,
      0.352014652014652,
      0.352014652014652,
      0.352014652014652,
      0.352014652014652,
      0.352014652014652,
      0.352014652014652,
      0.352014652014652,
      0.352014652014652,
      0.352014652014652,
      0.352014652014652,
      0.352014652014652,
      0.352014652014652
    ],