{
  "best_val_f1_weighted": 0.352014652014652,
  "best_test_metrics": {
    "accuracy": 0.55,
    "f1_macro": 0.3548387096774194,
    "f1_micro": 0.55,
    "f1_weighted": 0.4021505376344086
  },
  "timing": {
    "total_train_loop_sec": 16.37679516710341,
    "total_train_step_sec": 10.976799220545217,
    "total_eval_during_train_sec": 5.393555396702141,
    "avg_sec_per_epoch": 0.15746918429907125,
    "total_test_eval_sec": 0.05201310198754072
  },
  "curves": {
    "epoch": [
      1,
      2,
      3,
      4,
      5,
      6,
      7,
      8,
      9,
      10,
      11,
      12,
      13,
      14,
      15,
      16,
      17,
      18,
      19,
      20,
      21,
      22,
      23,
      24,
      25,
      26,
      27,
      28,
      29,
      30,
      31,
      32,
      33,
      34,
      35,
      36,
      37,
      38,
      39,
      40,
      41,
      42,
      43,
      44,
      45,
      46,
      47,
      48,
      49,
      50,
      51,
      52,
      53,
      54,
      55,
      56,
      57,
      58,
      59,
      60,
      61,
      62,
      63,
      64,
      65,
      66,
      67,
      68,
      69,
      70,
      71,
      72,
      73,
      74,
      75,
      76,
      77,
      78,
      79,
      80,
      81,
      82,
      83,
      84,
      85,
      86,
      87,
      88,
      89,
      90,
      91,
      92,
      93,
      94,
      95,
      96,
      97,
      98,
      99,
      100,
      101,
      102,
      103,
      104
    ],
    "loss": [
      0.6927496790885925,
      0.6921947598457336,
      0.6927311420440674,
      0.6921194195747375,
      0.6923801302909851,
      0.6923377513885498,
      0.6920614242553711,
      0.6922677159309387,
      0.6919675469398499,
      0.6920382976531982,
      0.6921831965446472,
      0.6913744807243347,
      0.6920504570007324,
      0.6913006901741028,
      0.6919209361076355,
      0.6917933821678162,
      0.6916646957397461,
      0.6911366581916809,
      0.6912602186203003,
      0.6910192966461182,
      0.6911594867706299,
      0.6911805272102356,
      0.6903817057609558,
      0.6912316083908081,
      0.6913861036300659,
      0.6903230547904968,
      0.691037654876709,
      0.6905509233474731,
      0.6906649470329285,
      0.6901176571846008,
      0.689930260181427,
      0.6903262734413147,
      0.6901869177818298,
      0.6905247569084167,
      0.6900150775909424,
      0.6905814409255981,
      0.6904700398445129,
      0.6904410719871521,
      0.6900339722633362,
      0.6901881098747253,
      0.6894955635070801,
      0.6897369623184204,
      0.6899738311767578,
      0.6899921298027039,
      0.6900251507759094,
      0.6899794340133667,
      0.6906859278678894,
      0.6896985173225403,
      0.689778745174408,
      0.6892662644386292,
      0.6896103620529175,
      0.6894605755805969,
      0.6886906623840332,
      0.6904383897781372,
      0.6898475289344788,
      0.6902934908866882,
      0.688765823841095,
      0.6897613406181335,
      0.6902136206626892,
      0.6898514032363892,
      0.6900973320007324,
      0.689217746257782,
      0.6900436282157898,
      0.6899437308311462,
      0.690255343914032,
      0.6902657747268677,
      0.6899308562278748,
      0.6901820302009583,
      0.6900131702423096,
      0.6901723146438599,
      0.6901656985282898,
      0.6901936531066895,
      0.6902855634689331,
      0.6906607151031494,
      0.6901390552520752,
      0.689773678779602,
      0.6895936727523804,
      0.6902770400047302,
      0.6894578337669373,
      0.690032958984375,
      0.6904448866844177,
      0.6901323795318604,
      0.6896316409111023,
      0.6900866031646729,
      0.6906121373176575,
      0.6903846859931946,
      0.6901187300682068,
      0.6903754472732544,
      0.6899482607841492,
      0.689446210861206,
      0.6904123425483704,
      0.6900756359100342,
      0.690036416053772,
      0.68960040807724,
      0.6894222497940063,
      0.6898881196975708,
      0.6899515390396118,
      0.6896695494651794,
      0.6903943419456482,
      0.6892883777618408,
      0.6905391812324524,
      0.6892251968383789,
      0.6893216967582703,
      0.6901365518569946
    ],
    "val_f1_weighted": [
      0.3444444444444444,
      0.3444444444444444,
      0.3444444444444444,
      0.352014652014652,
      0.352014652014652,
      0.352014652014652,
      0.352014652014652,
      0.352014652014652,
      0.352014652014652,
      0.352014652014652,
      0.352014652014652,
      0.352014652014652,
      0.352014652014652,
      0.352014652014652,
      0.352014652014652,
      0.352014652014652,
      0.352014652014652,
      0.352014652014652,
      0.352014652014652,
      0.352014652014652,
      0.352014652014652,
      0.352014652014652,
      0.352014652014652,
      0.352014652014652,
      0.352014652014652,
      0.352014652014652,
      0.352014652014652,
      0.352014652014652,
      0.352014652014652,
      0.352014652014652,
      0.352014652014652,
      0.352014652014652,
      0.352014652014652,
      0.352014652014652,
      0.352014652014652,
      0.352014652014652,
      0.352014652014652,
      0.352014652014652,
      0.352014652014652,
      0.352014652014652,
      0.352014652014652,
      0.352014652014652,
      0.352014652014652,
      0.352014652014652,
      0.352014652014652,
      0.352014652014652,
      0.352014652014652,
      0.352014652014652,
      0.352014652014652,
      0.352014652014652,
      0.352014652014652,
      0.352014652014652,
      0.352014652014652,
      0.352014652014652,
      0.352014652014652,
      0.352014652014652,
      0.352014652014652,
      0.352014652014652,
      0.352014652014652,
      0.352014652014652,
      0.352014652014652,
      0.352014652014652,
      0.352014652014652,
      0.352014652014652,
      0.352014652014652,
      0.352014652014652,
      0.352014652014652,
      0.352014652014652,
      0.352014652014652,
      0.352014652014652,
      0.352014652014652,
      0.352014652014652,
      0.352014652014652,
      0.352014652014652,
      0.352014652014652,
      0.352014652014652,
      0.352014652014652,
      0.352014652014652,
      0.352014652014652,
      0.352014652014652,
      0.352014652014652,
      0.352014652014652,
      0.352014652014652,
      0.352014652014652,
      0.352014652014652,
      0.352014652014652,
      0.352014652014652,
      0.352014652014652,
      0.352014652014652,
      0.352014652014652,
      0.352014652014652,
      0.352014652014652,
      0.352014652014652,
      0.352014652014652,
      0.352014652014652,
      0.352014652014652,
      0.352014652014652,
      0.352014652014652,
      0.352014652014652,
      0.352014652014652,
      0.352014652014652,
      0.352014652014652,
      0.352014652014652,
      0.352014652014652
    ],