{
  "best_val_f1_weighted": 0.4182222222222223,
  "best_test_metrics": {
    "accuracy": 0.4,
    "f1_macro": 0.375,
    "f1_micro": 0.4,
    "f1_weighted": 0.39166666666666666
  },
  "timing": {
    "total_train_loop_sec": 18.04967554216273,
    "total_train_step_sec": 12.231063922634348,
    "total_eval_during_train_sec": 5.812113062012941,
    "avg_sec_per_epoch": 0.17870965883329437,
    "total_test_eval_sec": 0.051799518056213856
  },
  "curves": {
    "epoch": [
      1,
      2,
      3,
      4,
      5,
      6,
      7,
      8,
      9,
      10,
      11,
      12,
      13,
      14,
      15,
      16,
      17,
      18,
      19,
      20,
      21,
      22,
      23,
      24,
      25,
      26,
      27,
      28,
      29,
      30,
      31,
      32,
      33,
      34,
      35,
      36,
      37,
      38,
      39,
      40,
      41,
      42,
      43,
      44,
      45,
      46,
      47,
      48,
      49,
      50,
      51,
      52,
      53,
      54,
      55,
      56,
      57,
      58,
      59,
      60,
      61,
      62,
      63,
      64,
      65,
      66,
      67,
      68,
      69,
      70,
      71,
      72,
      73,
      74,
      75,
      76,
      77,
      78,
      79,
      80,
      81,
      82,
      83,
      84,
      85,
      86,
      87,
      88,
      89,
      90,
      91,
      92,
      93,
      94,
      95,
      96,
      97,
      98,
      99,
      100,
      101
    ],
    "loss": [
      0.692440927028656,
      0.6931246519088745,
      0.6922704577445984,
      0.6926607489585876,
      0.692642331123352,
      0.6926242709159851,
      0.6924743056297302,
      0.6924064755439758,
      0.6921982169151306,
      0.6927816867828369,
      0.6916136741638184,
      0.6919683218002319,
      0.6921152472496033,
      0.6913222074508667,
      0.691781222820282,
      0.6915967464447021,
      0.6916550397872925,
      0.691377580165863,
      0.6910271048545837,
      0.6911289691925049,
      0.6910088658332825,
      0.691194474697113,
      0.6912220120429993,
      0.6912979483604431,
      0.6907956600189209,
      0.6906024217605591,
      0.6908788681030273,
      0.6903157830238342,
      0.6908429265022278,
      0.690671980381012,
      0.6900814175605774,
      0.6903826594352722,
      0.6901751756668091,
      0.6906139850616455,
      0.6901037693023682,
      0.6901071071624756,
      0.690177857875824,
      0.6904606223106384,
      0.6901782751083374,
      0.6902326941490173,
      0.6897183656692505,
      0.689509391784668,
      0.6898865103721619,
      0.6900016069412231,
      0.6897480487823486,
      0.6898587942123413,
      0.6896572709083557,
      0.6891531348228455,
      0.6899012327194214,
      0.6902981996536255,
      0.6899769306182861,
      0.6896412372589111,
      0.6901316046714783,
      0.6905303001403809,
      0.6901293992996216,
      0.6894699335098267,
      0.6902948021888733,
      0.689862072467804,
      0.6890640258789062,
      0.6899797916412354,
      0.6893008351325989,
      0.689471960067749,
      0.6903596520423889,
      0.6900027394294739,
      0.6901272535324097,
      0.6892794966697693,
      0.6894855499267578,
      0.6900680661201477,
      0.6899403929710388,
      0.6900535821914673,
      0.6898468136787415,
      0.6899181604385376,
      0.6901965141296387,
      0.6898259520530701,
      0.6895031929016113,
      0.689607560634613,
      0.6889621615409851,
      0.6899980306625366,
      0.6898993849754333,
      0.6900976300239563,
      0.6900424361228943,
      0.6893979907035828,
      0.6899476647377014,
      0.689800500869751,
      0.689303457736969,
      0.6901676654815674,
      0.6891990303993225,
      0.6892907023429871,
      0.6900337934494019,
      0.6899157762527466,
      0.6897175312042236,
      0.6895060539245605,
      0.689341127872467,
      0.690328061580658,
      0.6900509595870972,
      0.6895610690116882,
      0.6898782253265381,
      0.6895420551300049,
      0.6902831792831421,
      0.6891372799873352,
      0.6897394061088562
    ],
    "val_f1_weighted": [
      0.4182222222222223,
      0.33670411985018733,
      0.352014652014652,
      0.352014652014652,
      0.352014652014652,
      0.352014652014652,
      0.352014652014652,
      0.352014652014652,
      0.352014652014652,
      0.352014652014652,
      0.352014652014652,
      0.352014652014652,
      0.352014652014652,
      0.352014652014652,
      0.352014652014652,
      0.352014652014652,
      0.352014652014652,
      0.352014652014652,
      0.352014652014652,
      0.352014652014652,
      0.352014652014652,
      0.352014652014652,
      0.352014652014652,
      0.352014652014652,
      0.352014652014652,
      0.352014652014652,
      0.352014652014652,
      0.352014652014652,
      0.352014652014652,
      0.352014652014652,
      0.352014652014652,
      0.352014652014652,
      0.352014652014652,
      0.352014652014652,
      0.352014652014652,
      0.352014652014652,
      0.352014652014652,
      0.352014652014652,
      0.352014652014652,
      0.352014652014652,
      0.352014652014652,
      0.352014652014652,
      0.352014652014652,
      0.352014652014652,
      0.352014652014652,
      0.352014652014652,
      0.352014652014652,
      0.352014652014652,
      0.352014652014652,
      0.352014652014652,
      0.352014652014652,
      0.352014652014652,
      0.352014652014652,
      0.352014652014652,
      0.352014652014652,
      0.352014652014652,
      0.352014652014652,
      0.352014652014652,
      0.352014652014652,
      0.352014652014652,
      0.352014652014652,
      0.352014652014652,
      0.352014652014652,
      0.352014652014652,
      0.352014652014652,
      0.352014652014652,
      0.352014652014652,
      0.352014652014652,
      0.352014652014652,
      0.352014652014652,
      0.352014652014652,
      0.352014652014652,
      0.352014652014652,
      0.352014652014652,
      0.352014652014652,
      0.352014652014652,
      0.352014652014652,
      0.352014652014652,
      0.352014652014652,
      0.352014652014652,
      0.352014652014652,
      0.352014652014652,
      0.352014652014652,
      0.352014652014652,
      0.352014652014652,
      0.352014652014652,
      0.352014652014652,
      0.352014652014652,
      0.352014652014652,
      0.352014652014652,
      0.352014652014652,
      0.352014652014652,
      0.352014652014652,
      0.352014652014652,
      0.352014652014652,
      0.352014652014652,
      0.352014652014652,
      0.352014652014652,
      0.352014652014652,
      0.352014652014652,
      0.352014652014652
    ],