{
  "best_val_f1_weighted": 0.46179928106480134,
  "best_test_metrics": {
    "accuracy": 0.38333333333333336,
    "f1_macro": 0.3691389599317988,
    "f1_micro": 0.38333333333333336,
    "f1_weighted": 0.38175618073316286
  },
  "timing": {
    "total_train_loop_sec": 16.501794118899852,
    "total_train_step_sec": 11.037629203870893,
    "total_eval_during_train_sec": 5.457685944158584,
    "avg_sec_per_epoch": 0.1571599439895224,
    "total_test_eval_sec": 0.05197892617434263
  },
  "curves": {
    "epoch": [
      1,
      2,
      3,
      4,
      5,
      6,
      7,
      8,
      9,
      10,
      11,
      12,
      13,
      14,
      15,
      16,
      17,
      18,
      19,
      20,
      21,
      22,
      23,
      24,
      25,
      26,
      27,
      28,
      29,
      30,
      31,
      32,
      33,
      34,
      35,
      36,
      37,
      38,
      39,
      40,
      41,
      42,
      43,
      44,
      45,
      46,
      47,
      48,
      49,
      50,
      51,
      52,
      53,
      54,
      55,
      56,
      57,
      58,
      59,
      60,
      61,
      62,
      63,
      64,
      65,
      66,
      67,
      68,
      69,
      70,
      71,
      72,
      73,
      74,
      75,
      76,
      77,
      78,
      79,
      80,
      81,
      82,
      83,
      84,
      85,
      86,
      87,
      88,
      89,
      90,
      91,
      92,
      93,
      94,
      95,
      96,
      97,
      98,
      99,
      100,
      101,
      102,
      103,
      104,
      105
    ],
    "loss": [
      0.6930779218673706,
      0.6935036778450012,
      0.6925396919250488,
      0.693504810333252,
      0.6931430101394653,
      0.6930224299430847,
      0.6924653053283691,
      0.6927099227905273,
      0.6924561262130737,
      0.692977249622345,
      0.6924021244049072,
      0.6915767788887024,
      0.6925912499427795,
      0.6920851469039917,
      0.6915967464447021,
      0.6915779113769531,
      0.6918228268623352,
      0.6913057565689087,
      0.6918670535087585,
      0.6913490295410156,
      0.6916108131408691,
      0.6906441450119019,
      0.6915123462677002,
      0.6906728744506836,
      0.6906641721725464,
      0.6902392506599426,
      0.6910013556480408,
      0.6904487609863281,
      0.6908330917358398,
      0.6907567381858826,
      0.6906623840332031,
      0.6902716755867004,
      0.6900945901870728,
      0.6903234124183655,
      0.6904622316360474,
      0.690445065498352,
      0.6902157068252563,
      0.6907217502593994,
      0.6904134750366211,
      0.6893998384475708,
      0.6902102828025818,
      0.6902651786804199,
      0.6901724338531494,
      0.6897537708282471,
      0.689460039138794,
      0.689712643623352,
      0.6891371011734009,
      0.6898061037063599,
      0.6894932985305786,
      0.6892632246017456,
      0.690115749835968,
      0.6906929016113281,
      0.6903718113899231,
      0.6893745064735413,
      0.6888551712036133,
      0.6897721886634827,
      0.6894800066947937,
      0.689560055732727,
      0.6899486780166626,
      0.6899922490119934,
      0.6899172067642212,
      0.6886455416679382,
      0.6899210214614868,
      0.6890555620193481,
      0.6896886825561523,
      0.6879802942276001,
      0.6896923780441284,
      0.6894973516464233,
      0.6893203258514404,
      0.6897077560424805,
      0.6886856555938721,
      0.6904565095901489,
      0.6891550421714783,
      0.6894547939300537,
      0.6898044943809509,
      0.6895919442176819,
      0.689423143863678,
      0.6886871457099915,
      0.6902911067008972,
      0.6891734600067139,
      0.6892921924591064,
      0.6893815398216248,
      0.688912570476532,
      0.6890705823898315,
      0.6892282366752625,
      0.6892020106315613,
      0.688668966293335,
      0.6899585127830505,
      0.6892352104187012,
      0.6892943382263184,
      0.6881775259971619,
      0.6903358101844788,
      0.6895251870155334,
      0.6897547841072083,
      0.6885640621185303,
      0.6892455816268921,
      0.6896451115608215,
      0.6892507076263428,
      0.6898704767227173,
      0.6887637376785278,
      0.6884438991546631,
      0.6884778141975403,
      0.6892919540405273,
      0.6895580887794495,
      0.6900942325592041
    ],
    "val_f1_weighted": [
      0.3566137566137566,
      0.32499020759890324,
      0.43333333333333335,
      0.4501528202278411,
      0.46179928106480134,
      0.44034469251860553,
      0.3528499772001824,
      0.3206896551724138,
      0.3206896551724138,
      0.33670411985018733,
      0.33670411985018733,
      0.3444444444444444,
      0.352014652014652,
      0.352014652014652,
      0.352014652014652,
      0.352014652014652,
      0.352014652014652,
      0.352014652014652,
      0.352014652014652,
      0.352014652014652,
      0.352014652014652,
      0.352014652014652,
      0.352014652014652,
      0.352014652014652,
      0.352014652014652,
      0.352014652014652,
      0.352014652014652,
      0.352014652014652,
      0.352014652014652,
      0.352014652014652,
      0.352014652014652,
      0.352014652014652,
      0.352014652014652,
      0.352014652014652,
      0.352014652014652,
      0.352014652014652,
      0.352014652014652,
      0.352014652014652,
      0.352014652014652,
      0.352014652014652,
      0.352014652014652,
      0.352014652014652,
      0.352014652014652,
      0.352014652014652,
      0.352014652014652,
      0.352014652014652,
      0.352014652014652,
      0.352014652014652,
      0.352014652014652,
      0.352014652014652,
      0.352014652014652,
      0.352014652014652,
      0.352014652014652,
      0.352014652014652,
      0.352014652014652,
      0.352014652014652,
      0.352014652014652,
      0.352014652014652,
      0.352014652014652,
      0.352014652014652,
      0.352014652014652,
      0.352014652014652,
      0.352014652014652,
      0.352014652014652,
      0.352014652014652,
      0.352014652014652,
      0.352014652014652,
      0.352014652014652,
      0.352014652014652,
      0.352014652014652,
      0.352014652014652,
      0.352014652014652,
      0.352014652014652,
      0.352014652014652,
      0.352014652014652,
      0.352014652014652,
      0.352014652014652,
      0.352014652014652,
      0.352014652014652,
      0.352014652014652,
      0.352014652014652,
      0.352014652014652,
      0.352014652014652,
      0.352014652014652,
      0.352014652014652,
      0.352014652014652,
      0.352014652014652,
      0.352014652014652,
      0.352014652014652,
      0.352014652014652,
      0.352014652014652,
      0.352014652014652,
      0.352014652014652,
      0.352014652014652,
      0.352014652014652,
      0.352014652014652,
      0.352014652014652,
      0.352014652014652,
      0.352014652014652,
      0.352014652014652,
      0.352014652014652,
      0.352014652014652,
      0.352014652014652,
      0.352014652014652,
      0.352014652014652
    ],