{
  "best_val_f1_weighted": 0.3743505605687722,
  "best_test_metrics": {
    "accuracy": 0.5507246376811594,
    "f1_macro": 0.35514018691588783,
    "f1_micro": 0.5507246376811594,
    "f1_weighted": 0.3911689015305431
  },
  "timing": {
    "total_train_loop_sec": 15.51060478691943,
    "total_train_step_sec": 10.075073373736814,
    "total_eval_during_train_sec": 5.4291727636009455,
    "avg_sec_per_epoch": 0.15058839598950902,
    "total_test_eval_sec": 0.05240155407227576
  },
  "curves": {
    "epoch": [
      1,
      2,
      3,
      4,
      5,
      6,
      7,
      8,
      9,
      10,
      11,
      12,
      13,
      14,
      15,
      16,
      17,
      18,
      19,
      20,
      21,
      22,
      23,
      24,
      25,
      26,
      27,
      28,
      29,
      30,
      31,
      32,
      33,
      34,
      35,
      36,
      37,
      38,
      39,
      40,
      41,
      42,
      43,
      44,
      45,
      46,
      47,
      48,
      49,
      50,
      51,
      52,
      53,
      54,
      55,
      56,
      57,
      58,
      59,
      60,
      61,
      62,
      63,
      64,
      65,
      66,
      67,
      68,
      69,
      70,
      71,
      72,
      73,
      74,
      75,
      76,
      77,
      78,
      79,
      80,
      81,
      82,
      83,
      84,
      85,
      86,
      87,
      88,
      89,
      90,
      91,
      92,
      93,
      94,
      95,
      96,
      97,
      98,
      99,
      100,
      101,
      102,
      103
    ],
    "loss": [
      0.6962953805923462,
      0.6937839984893799,
      0.692312479019165,
      0.6900099515914917,
      0.6888813376426697,
      0.68746417760849,
      0.6867634057998657,
      0.6851034760475159,
      0.6839679479598999,
      0.6843374371528625,
      0.6834622025489807,
      0.6835033297538757,
      0.684934675693512,
      0.684100866317749,
      0.6836165189743042,
      0.6847198009490967,
      0.6830587983131409,
      0.6841607093811035,
      0.6845047473907471,
      0.6836810111999512,
      0.6835429668426514,
      0.6843571066856384,
      0.6824359893798828,
      0.6833707690238953,
      0.6821821331977844,
      0.6832026243209839,
      0.6805244088172913,
      0.6822596788406372,
      0.68244868516922,
      0.681652307510376,
      0.6818996071815491,
      0.6817680597305298,
      0.6814982891082764,
      0.6821824908256531,
      0.6827561259269714,
      0.681080162525177,
      0.6806392669677734,
      0.6808105707168579,
      0.6795414686203003,
      0.6796035170555115,
      0.6810707449913025,
      0.6814339756965637,
      0.6829867959022522,
      0.6805492043495178,
      0.6819218993186951,
      0.6796979308128357,
      0.6800057888031006,
      0.6802261471748352,
      0.6801462173461914,
      0.6775183081626892,
      0.6787286400794983,
      0.6782355904579163,
      0.6787923574447632,
      0.6810001730918884,
      0.6787180304527283,
      0.6798804998397827,
      0.6803164482116699,
      0.6803125739097595,
      0.6783313155174255,
      0.6784994602203369,
      0.6783630847930908,
      0.6788557171821594,
      0.6799279451370239,
      0.6795876026153564,
      0.6801294684410095,
      0.678250253200531,
      0.6810873746871948,
      0.679423987865448,
      0.6780120134353638,
      0.6787603497505188,
      0.680310070514679,
      0.6808614134788513,
      0.6797668933868408,
      0.6802931427955627,
      0.6773959398269653,
      0.6794640421867371,
      0.6789118051528931,
      0.6810063719749451,
      0.6784365177154541,
      0.6797569990158081,
      0.6799769997596741,
      0.6792850494384766,
      0.6787192225456238,
      0.6787389516830444,
      0.678812563419342,
      0.677417516708374,
      0.6792766451835632,
      0.6792612671852112,
      0.677830696105957,
      0.680027425289154,
      0.6761451363563538,
      0.6778762340545654,
      0.6777852177619934,
      0.6789303421974182,
      0.6755290031433105,
      0.6782127022743225,
      0.6767734289169312,
      0.6791762113571167,
      0.6784677505493164,
      0.6773797869682312,
      0.6782381534576416,
      0.6779376268386841,
      0.6803487539291382
    ],
    "val_f1_weighted": [
      0.2810715854194115,
      0.3609253065774805,
      0.3743505605687722,
      0.3743505605687722,
      0.3743505605687722,
      0.3743505605687722,
      0.3743505605687722,
      0.3743505605687722,
      0.3743505605687722,
      0.3743505605687722,
      0.3743505605687722,
      0.3743505605687722,
      0.3743505605687722,
      0.3743505605687722,
      0.3743505605687722,
      0.3743505605687722,
      0.3743505605687722,
      0.3743505605687722,
      0.3743505605687722,
      0.3743505605687722,
      0.3743505605687722,
      0.3743505605687722,
      0.3743505605687722,
      0.3743505605687722,
      0.3743505605687722,
      0.3743505605687722,
      0.3743505605687722,
      0.3743505605687722,
      0.3743505605687722,
      0.3743505605687722,
      0.3743505605687722,
      0.3743505605687722,
      0.3743505605687722,
      0.3743505605687722,
      0.3743505605687722,
      0.3743505605687722,
      0.3743505605687722,
      0.3743505605687722,
      0.3743505605687722,
      0.3743505605687722,
      0.3743505605687722,
      0.3743505605687722,
      0.3743505605687722,
      0.3743505605687722,
      0.3743505605687722,
      0.3743505605687722,
      0.3743505605687722,
      0.3743505605687722,
      0.3743505605687722,
      0.3743505605687722,
      0.3743505605687722,
      0.3743505605687722,
      0.3743505605687722,
      0.3743505605687722,
      0.3743505605687722,
      0.3743505605687722,
      0.3743505605687722,
      0.3743505605687722,
      0.3743505605687722,
      0.3743505605687722,
      0.3743505605687722,
      0.3743505605687722,
      0.3743505605687722,
      0.3743505605687722,
      0.3743505605687722,
      0.3743505605687722,
      0.3743505605687722,
      0.3743505605687722,
      0.3743505605687722,
      0.3743505605687722,
      0.3743505605687722,
      0.3743505605687722,
      0.3743505605687722,
      0.3743505605687722,
      0.3743505605687722,
      0.3743505605687722,
      0.3743505605687722,
      0.3743505605687722,
      0.3743505605687722,
      0.3743505605687722,
      0.3743505605687722,
      0.3743505605687722,
      0.3743505605687722,
      0.3743505605687722,
      0.3743505605687722,
      0.3743505605687722,
      0.3743505605687722,
      0.3743505605687722,
      0.3743505605687722,
      0.3743505605687722,
      0.3743505605687722,
      0.3743505605687722,
      0.3743505605687722,
      0.3743505605687722,
      0.3743505605687722,
      0.3743505605687722,
      0.3743505605687722,
      0.3743505605687722,
      0.3743505605687722,
      0.3743505605687722,
      0.3743505605687722,
      0.3743505605687722,
      0.3743505605687722
    ],