{
  "best_val_f1_weighted": 0.6770250885613085,
  "best_test_metrics": {
    "accuracy": 0.679,
    "f1_macro": 0.6337508570197496,
    "f1_micro": 0.679,
    "f1_weighted": 0.6769337721242707
  },
  "timing": {
    "total_train_loop_sec": 21.46472147316672,
    "total_train_step_sec": 14.341976861236617,
    "total_eval_during_train_sec": 7.114179711788893,
    "avg_sec_per_epoch": 0.15667679907420962,
    "total_test_eval_sec": 0.051854971097782254
  },
  "curves": {
    "epoch": [
      1,
      2,
      3,
      4,
      5,
      6,
      7,
      8,
      9,
      10,
      11,
      12,
      13,
      14,
      15,
      16,
      17,
      18,
      19,
      20,
      21,
      22,
      23,
      24,
      25,
      26,
      27,
      28,
      29,
      30,
      31,
      32,
      33,
      34,
      35,
      36,
      37,
      38,
      39,
      40,
      41,
      42,
      43,
      44,
      45,
      46,
      47,
      48,
      49,
      50,
      51,
      52,
      53,
      54,
      55,
      56,
      57,
      58,
      59,
      60,
      61,
      62,
      63,
      64,
      65,
      66,
      67,
      68,
      69,
      70,
      71,
      72,
      73,
      74,
      75,
      76,
      77,
      78,
      79,
      80,
      81,
      82,
      83,
      84,
      85,
      86,
      87,
      88,
      89,
      90,
      91,
      92,
      93,
      94,
      95,
      96,
      97,
      98,
      99,
      100,
      101,
      102,
      103,
      104,
      105,
      106,
      107,
      108,
      109,
      110,
      111,
      112,
      113,
      114,
      115,
      116,
      117,
      118,
      119,
      120,
      121,
      122,
      123,
      124,
      125,
      126,
      127,
      128,
      129,
      130,
      131,
      132,
      133,
      134,
      135,
      136,
      137
    ],
    "loss": [
      1.7908021211624146,
      1.7865809202194214,
      1.7820963859558105,
      1.7787221670150757,
      1.772076964378357,
      1.7667288780212402,
      1.7613871097564697,
      1.755918264389038,
      1.7454392910003662,
      1.7361475229263306,
      1.730106234550476,
      1.7191200256347656,
      1.7114698886871338,
      1.697222113609314,
      1.6864361763000488,
      1.6765283346176147,
      1.6676199436187744,
      1.654282808303833,
      1.6420414447784424,
      1.629801630973816,
      1.612783432006836,
      1.6051745414733887,
      1.5906646251678467,
      1.5779223442077637,
      1.5635261535644531,
      1.5538462400436401,
      1.5401753187179565,
      1.5355287790298462,
      1.5191649198532104,
      1.5093096494674683,
      1.4900023937225342,
      1.4790112972259521,
      1.4610896110534668,
      1.4487894773483276,
      1.434808611869812,
      1.423656702041626,
      1.412109375,
      1.4025181531906128,
      1.384979248046875,
      1.3633593320846558,
      1.3553409576416016,
      1.3460384607315063,
      1.3333370685577393,
      1.3166234493255615,
      1.2889115810394287,
      1.2883204221725464,
      1.2683407068252563,
      1.2650930881500244,
      1.2393494844436646,
      1.2391440868377686,
      1.2176036834716797,
      1.209855556488037,
      1.2321468591690063,
      1.2095389366149902,
      1.2194876670837402,
      1.2137906551361084,
      1.2014384269714355,
      1.210796594619751,
      1.2032496929168701,
      1.2003690004348755,
      1.2049486637115479,
      1.1998776197433472,
      1.2128491401672363,
      1.1971919536590576,
      1.1955636739730835,
      1.1927752494812012,
      1.2050800323486328,
      1.1864279508590698,
      1.179076075553894,
      1.2013951539993286,
      1.184635043144226,
      1.1947228908538818,
      1.1847800016403198,
      1.2012749910354614,
      1.18629789352417,
      1.184198021888733,
      1.172322154045105,
      1.1770225763320923,
      1.1855336427688599,
      1.172838568687439,
      1.1665390729904175,
      1.1894457340240479,
      1.1754487752914429,
      1.1796869039535522,
      1.17250394821167,
      1.173384428024292,
      1.172760009765625,
      1.1734246015548706,
      1.1788378953933716,
      1.1630340814590454,
      1.161604642868042,
      1.1714082956314087,
      1.1668336391448975,
      1.1638435125350952,
      1.1582061052322388,
      1.1618345975875854,
      1.1588523387908936,
      1.1546452045440674,
      1.1478774547576904,
      1.1442863941192627,
      1.1614774465560913,
      1.1437091827392578,
      1.1485024690628052,
      1.1464332342147827,
      1.1412161588668823,
      1.1474443674087524,
      1.145628571510315,
      1.1498773097991943,
      1.1457725763320923,
      1.1456832885742188,
      1.139161467552185,
      1.16463303565979,
      1.1504299640655518,
      1.1421843767166138,
      1.1569597721099854,
      1.1561706066131592,
      1.1428725719451904,
      1.1443341970443726,
      1.1500784158706665,
      1.1462981700897217,
      1.1590101718902588,
      1.1654889583587646,
      1.1421066522598267,
      1.1460766792297363,
      1.1558643579483032,
      1.1542143821716309,
      1.1516600847244263,
      1.154356598854065,
      1.1475239992141724,
      1.162225604057312,
      1.1481226682662964,
      1.144421100616455,
      1.1570185422897339,
      1.156456470489502,
      1.1383590698242188,
      1.1503145694732666,
      1.1485775709152222
    ],