{
  "best_auc": 0.6299909065102504,
  "best_ap": 0.6080548713982,
  "best_test_metrics": {
    "accuracy": 0.5,
    "f1_macro": 0.3333333333333333,
    "f1_micro": 0.5,
    "f1_weighted": 0.3333333333333333
  },
  "timing": {
    "total_train_loop_sec": 17.217320336028934,
    "total_train_step_sec": 11.638155307853594,
    "total_eval_during_train_sec": 5.571289943065494,
    "avg_sec_per_epoch": 0.15236566669052154,
    "total_test_eval_sec": 0.04887482803314924
  },
  "curves": {
    "epoch": [
      1,
      2,
      3,
      4,
      5,
      6,
      7,
      8,
      9,
      10,
      11,
      12,
      13,
      14,
      15,
      16,
      17,
      18,
      19,
      20,
      21,
      22,
      23,
      24,
      25,
      26,
      27,
      28,
      29,
      30,
      31,
      32,
      33,
      34,
      35,
      36,
      37,
      38,
      39,
      40,
      41,
      42,
      43,
      44,
      45,
      46,
      47,
      48,
      49,
      50,
      51,
      52,
      53,
      54,
      55,
      56,
      57,
      58,
      59,
      60,
      61,
      62,
      63,
      64,
      65,
      66,
      67,
      68,
      69,
      70,
      71,
      72,
      73,
      74,
      75,
      76,
      77,
      78,
      79,
      80,
      81,
      82,
      83,
      84,
      85,
      86,
      87,
      88,
      89,
      90,
      91,
      92,
      93,
      94,
      95,
      96,
      97,
      98,
      99,
      100,
      101,
      102,
      103,
      104,
      105,
      106,
      107,
      108,
      109,
      110,
      111,
      112,
      113
    ],
    "loss": [
      0.7661092877388,
      0.7630717158317566,
      0.7605157494544983,
      0.757876992225647,
      0.7551857233047485,
      0.7520046830177307,
      0.7485777735710144,
      0.7453182935714722,
      0.7424256205558777,
      0.7389561533927917,
      0.7357560992240906,
      0.7310018539428711,
      0.7212570905685425,
      0.7170469164848328,
      0.7148151397705078,
      0.7129839062690735,
      0.7239347696304321,
      0.7269101142883301,
      0.7320929169654846,
      0.7336966395378113,
      0.7342432737350464,
      0.7326809763908386,
      0.7212474346160889,
      0.7219117283821106,
      0.7154765129089355,
      0.7125239372253418,
      0.7106271386146545,
      0.7067639827728271,
      0.7072977423667908,
      0.7103216648101807,
      0.7137726545333862,
      0.7163702249526978,
      0.7185310125350952,
      0.7187598347663879,
      0.7188254594802856,
      0.7176761031150818,
      0.7163161635398865,
      0.715394914150238,
      0.7142183184623718,
      0.7105685472488403,
      0.7067601084709167,
      0.7048522233963013,
      0.7008525729179382,
      0.6954168081283569,
      0.6925109624862671,
      0.6860758662223816,
      0.6814814805984497,
      0.678982138633728,
      0.6753474473953247,
      0.6733598113059998,
      0.6733745336532593,
      0.6722586750984192,
      0.6678206920623779,
      0.6704424023628235,
      0.6715933084487915,
      0.6671028733253479,
      0.6673000454902649,
      0.6678298115730286,
      0.6709733605384827,
      0.6699222922325134,
      0.665399968624115,
      0.6662800908088684,
      0.6661862730979919,
      0.669318675994873,
      0.6662925481796265,
      0.6664243936538696,
      0.6679654121398926,
      0.6673725247383118,
      0.6658899784088135,
      0.6673829555511475,
      0.6632071733474731,
      0.6645355224609375,
      0.6661517024040222,
      0.6660365462303162,
      0.6685196757316589,
      0.6647115349769592,
      0.6659145951271057,
      0.6640293598175049,
      0.665195882320404,
      0.6649991869926453,
      0.6643075942993164,
      0.6613898873329163,
      0.6651487946510315,
      0.6649819612503052,
      0.6646037101745605,
      0.6639416813850403,
      0.6645206809043884,
      0.6648103594779968,
      0.6640400290489197,
      0.6662346124649048,
      0.6624672412872314,
      0.6643893122673035,
      0.6650809645652771,
      0.6633622646331787,
      0.6623288989067078,
      0.6634867191314697,
      0.6606539487838745,
      0.6605890393257141,
      0.6646906733512878,
      0.664778470993042,
      0.6606265306472778,
      0.6599907875061035,
      0.6610119342803955,
      0.6622705459594727,
      0.664774477481842,
      0.6634007692337036,
      0.662626326084137,
      0.6644986271858215,
      0.6631147265434265,
      0.6598660349845886,
      0.6652051210403442,
      0.6612480878829956,
      0.6632663607597351
    ],
    "test_auc": [
      0.566225571491874,
      0.5781906735067575,
      0.5875993451791369,
      0.5888220687826636,
      0.5952363594599174,
      0.59901054971067,
      0.594671720030888,
      0.5909861126497151,
      0.6001193628712742,
      0.6038422870589999,
      0.6095850279473862,
      0.6178421732249214,
      0.6299909065102504,
      0.6209023804558902,
      0.5993205133896571,
      0.540493851534296,
      0.5169970926491287,
      0.4518996036374774,
      0.4201452921972135,
      0.4079211107436562,
      0.4204023861577761,
      0.450562435039229,
      0.5044893696483728,
      0.5175836996116201,
      0.5378190816053904,
      0.5543264738967666,
      0.6159040411301463,
      0.6200608177400331,
      0.6099588832938003,
      0.6078167560505154,
      0.6048432734852534,
      0.6043744206476691,
      0.5990253898868094,
      0.5957831550407929,
      0.5932766671092417,
      0.5908495219375985,
      0.5902141689419906,
      0.5899465366745298,
      0.5927035512159678,
      0.5937785094292901,
      0.5927371261599265,
      0.5958960981995074,
      0.5983047886066546,
      0.5983794222197605,
      0.5956246986146047,
      0.5934833604715948,
      0.5873430403188495,
      0.5867266257298414,
      0.5844835954707477,
      0.5812380769493933,
      0.5809438698210585,
      0.5806500445154374,
      0.5806851722050985,
      0.5802928111844935,
      0.5797312008823261,
      0.5799121848486231,
      0.5795284021116528,
      0.5784522984301894,
      0.577810301719363,
      0.5772352003479779,
      0.5768669705228793,
      0.576108594248915,
      0.5760928122434152,
      0.5765673415120098,
      0.5767824858837598,
      0.5765827162399484,
      0.5765594250544124,
      0.5763151348821827,
      0.5768169008376884,
      0.5771906034550169,
      0.5772680371013568,
      0.5767860750172685,
      0.5767384744522931,
      0.5766510370508543,
      0.5762402212657535,
      0.5758785333364829,
      0.5766902375161281,
      0.5764769004385565,
      0.5764795986524,
      0.5765946800183112,
      0.5764969588584499,
      0.5765700906355484,
      0.5757635792448096,
      0.5756361013681268,
      0.5754870123258481,
      0.5752584787042708,
      0.5750103957597519,
      0.5757898486475127,
      0.5756294831077559,
      0.5754249024977518,
      0.5750964840542689,
      0.5747950732040689,
      0.5752105726811245,
      0.5736177101389305,
      0.5733283648864835,
      0.5731597265212631,
      0.5729586077705301,
      0.5729753825150856,
      0.5738356545439143,
      0.5759734035534152,
      0.5759565015346219,
      0.5754842122926143,
      0.5754550664921347,
      0.5754437390849614,
      0.5754322844035501,
      0.5754197351636929,
      0.5754104186894785,
      0.5754016113122157,
      0.5753895966241578,
      0.575370225485149,
      0.5755237691257543,
      0.5752581987009475,
      0.5752739297967522
    ],