{
  "best_auc": 0.6291504638076868,
  "best_ap": 0.5862818229355845,
  "best_test_metrics": {
    "accuracy": 0.5,
    "f1_macro": 0.3333333333333333,
    "f1_micro": 0.5,
    "f1_weighted": 0.3333333333333333
  },
  "timing": {
    "total_train_loop_sec": 17.099921629065648,
    "total_train_step_sec": 11.526097091846168,
    "total_eval_during_train_sec": 5.565867291763425,
    "avg_sec_per_epoch": 0.15405334800960044,
    "total_test_eval_sec": 0.0497348268982023
  },
  "curves": {
    "epoch": [
      1,
      2,
      3,
      4,
      5,
      6,
      7,
      8,
      9,
      10,
      11,
      12,
      13,
      14,
      15,
      16,
      17,
      18,
      19,
      20,
      21,
      22,
      23,
      24,
      25,
      26,
      27,
      28,
      29,
      30,
      31,
      32,
      33,
      34,
      35,
      36,
      37,
      38,
      39,
      40,
      41,
      42,
      43,
      44,
      45,
      46,
      47,
      48,
      49,
      50,
      51,
      52,
      53,
      54,
      55,
      56,
      57,
      58,
      59,
      60,
      61,
      62,
      63,
      64,
      65,
      66,
      67,
      68,
      69,
      70,
      71,
      72,
      73,
      74,
      75,
      76,
      77,
      78,
      79,
      80,
      81,
      82,
      83,
      84,
      85,
      86,
      87,
      88,
      89,
      90,
      91,
      92,
      93,
      94,
      95,
      96,
      97,
      98,
      99,
      100,
      101,
      102,
      103,
      104,
      105,
      106,
      107,
      108,
      109,
      110,
      111
    ],
    "loss": [
      0.7596367597579956,
      0.7553169131278992,
      0.7512567639350891,
      0.7482081055641174,
      0.7439311742782593,
      0.7379370331764221,
      0.7324374914169312,
      0.7289238572120667,
      0.7250776886940002,
      0.7218688130378723,
      0.7166733741760254,
      0.7130529880523682,
      0.7162493467330933,
      0.7202202081680298,
      0.7311497330665588,
      0.7356968522071838,
      0.7364355325698853,
      0.7343054413795471,
      0.7342528700828552,
      0.7336229085922241,
      0.7321397066116333,
      0.7309074997901917,
      0.7291052341461182,
      0.7274249196052551,
      0.7258498668670654,
      0.7241834402084351,
      0.7227433323860168,
      0.7209576964378357,
      0.7196601033210754,
      0.7179359793663025,
      0.7168999910354614,
      0.7156639695167542,
      0.7148234248161316,
      0.7132849097251892,
      0.7106702327728271,
      0.7085118293762207,
      0.7090092301368713,
      0.7061380743980408,
      0.7061493992805481,
      0.7042917609214783,
      0.7028532028198242,
      0.7019205093383789,
      0.7030794620513916,
      0.7033149003982544,
      0.6990852355957031,
      0.6933901309967041,
      0.6650553345680237,
      0.6623310446739197,
      0.6645703911781311,
      0.6621918082237244,
      0.6593052744865417,
      0.6580911874771118,
      0.6599594950675964,
      0.6599867939949036,
      0.6579722762107849,
      0.660683810710907,
      0.6587017774581909,
      0.661139965057373,
      0.6602674126625061,
      0.6617013812065125,
      0.6611764430999756,
      0.6630366444587708,
      0.6626624464988708,
      0.663144052028656,
      0.6642868518829346,
      0.661698043346405,
      0.6645353436470032,
      0.6597022414207458,
      0.6587204933166504,
      0.6590388417243958,
      0.6575226187705994,
      0.6607105135917664,
      0.6601418852806091,
      0.658454418182373,
      0.658802330493927,
      0.6596804857254028,
      0.6593359112739563,
      0.6586312651634216,
      0.6577690243721008,
      0.6583787202835083,
      0.6588500142097473,
      0.6588313579559326,
      0.6597229242324829,
      0.6588942408561707,
      0.6597285866737366,
      0.6599187254905701,
      0.658156156539917,
      0.6581652164459229,
      0.6594317555427551,
      0.6591576933860779,
      0.6611235737800598,
      0.6598562002182007,
      0.6596918702125549,
      0.6605589985847473,
      0.6600589752197266,
      0.6591786742210388,
      0.6593955159187317,
      0.6619154810905457,
      0.66047203540802,
      0.660761833190918,
      0.6608743667602539,
      0.6594042181968689,
      0.6590155363082886,
      0.6611698269844055,
      0.6603498458862305,
      0.6602804660797119,
      0.6600466370582581,
      0.6599458456039429,
      0.6595592498779297,
      0.6609248518943787,
      0.6605216860771179
    ],
    "test_auc": [
      0.5956572808195076,
      0.5957972824812001,
      0.6058119322550797,
      0.6076358739036087,
      0.6090781964772121,
      0.6129541042988962,
      0.6191273121147154,
      0.6242637948982783,
      0.6212054967808781,
      0.6216263672307732,
      0.6291504638076868,
      0.6165150338366198,
      0.552985130703515,
      0.4915754636447758,
      0.4484836649115719,
      0.4309280165419854,
      0.42295359825652623,
      0.422615252422487,
      0.4216210115308423,
      0.4192492306526867,
      0.4180433836131059,
      0.4167882305337617,
      0.41542777074997717,
      0.4139157528036987,
      0.4121650447516584,
      0.41018022846642077,
      0.40790375053760636,
      0.4053212035214847,
      0.4025383777646001,
      0.3994716031829556,
      0.3961997898040506,
      0.3927795746637517,
      0.389256318300447,
      0.3857491494008133,
      0.382106407982966,
      0.3786213338910321,
      0.37511839049609663,
      0.37168621157743487,
      0.3684353984477838,
      0.36524873153403536,
      0.36244383642429856,
      0.35979503043992495,
      0.35788543322928745,
      0.363255947881505,
      0.38852062229567697,
      0.5246723655658225,
      0.5412900791666124,
      0.5584343262896037,
      0.5372984026981324,
      0.5362638413279204,
      0.5356272155899334,
      0.5365362336518787,
      0.5334657426624874,
      0.5351537299700896,
      0.5358870586740345,
      0.5343777898512948,
      0.5314296094045277,
      0.530821900373392,
      0.528554382550926,
      0.5269897748895463,
      0.5269866948529891,
      0.526999320457389,
      0.5274149726635301,
      0.5280104633678271,
      0.5317641115565823,
      0.5325454990127592,
      0.5352478874512896,
      0.5360073582836997,
      0.5377656518803191,
      0.5376940983037705,
      0.5326403183199964,
      0.5369041580188065,
      0.5375279290587652,
      0.5377485207678974,
      0.5383483387962831,
      0.5387822421281394,
      0.5392025780262352,
      0.5393230558198334,
      0.5391643448451694,
      0.5393107865832998,
      0.5388357991274486,
      0.5407478909131489,
      0.5408042988553872,
      0.5411163243770283,
      0.5387398088972227,
      0.5391320426435898,
      0.5400839266688605,
      0.5404589529382633,
      0.5416916548420415,
      0.5403751301251808,
      0.5396424123375777,
      0.5392020943841311,
      0.5388767305223578,
      0.5401478947008302,
      0.5401633457933115,
      0.5402355611958972,
      0.5402150954984426,
      0.5403604681329746,
      0.5403359042050593,
      0.5400349260872681,
      0.5400464316783745,
      0.5400584463664325,
      0.5400724465326018,
      0.5400832139331283,
      0.5401112397203144,
      0.5401030178045458,
      0.5406192675683249,
      0.5405688415152681,
      0.5405978600415097,
      0.5405031170988153,
      0.5405407139086916
    ],