{
  "best_auc": 0.21754807692307693,
  "best_ap": 0.35169509720741793,
  "best_test_metrics": {
    "accuracy": 0.5,
    "f1_macro": 0.3333333333333333,
    "f1_micro": 0.5,
    "f1_weighted": 0.3333333333333333
  },
  "timing": {
    "total_train_loop_sec": 17.377452253131196,
    "total_train_step_sec": 12.056533849099651,
    "total_eval_during_train_sec": 5.312639995245263,
    "avg_sec_per_epoch": 0.14852523293274528,
    "total_test_eval_sec": 0.04525049100629985
  },
  "curves": {
    "epoch": [
      1,
      2,
      3,
      4,
      5,
      6,
      7,
      8,
      9,
      10,
      11,
      12,
      13,
      14,
      15,
      16,
      17,
      18,
      19,
      20,
      21,
      22,
      23,
      24,
      25,
      26,
      27,
      28,
      29,
      30,
      31,
      32,
      33,
      34,
      35,
      36,
      37,
      38,
      39,
      40,
      41,
      42,
      43,
      44,
      45,
      46,
      47,
      48,
      49,
      50,
      51,
      52,
      53,
      54,
      55,
      56,
      57,
      58,
      59,
      60,
      61,
      62,
      63,
      64,
      65,
      66,
      67,
      68,
      69,
      70,
      71,
      72,
      73,
      74,
      75,
      76,
      77,
      78,
      79,
      80,
      81,
      82,
      83,
      84,
      85,
      86,
      87,
      88,
      89,
      90,
      91,
      92,
      93,
      94,
      95,
      96,
      97,
      98,
      99,
      100,
      101,
      102,
      103,
      104,
      105,
      106,
      107,
      108,
      109,
      110,
      111,
      112,
      113,
      114,
      115,
      116,
      117
    ],
    "loss": [
      0.7253998517990112,
      0.7237443923950195,
      0.7236233949661255,
      0.7239907383918762,
      0.7252902984619141,
      0.7189462780952454,
      0.7182439565658569,
      0.7141690850257874,
      0.7157061696052551,
      0.7176204919815063,
      0.7169878482818604,
      0.7178281545639038,
      0.7132511734962463,
      0.7148301005363464,
      0.7184339761734009,
      0.7182366847991943,
      0.7152915596961975,
      0.7179447412490845,
      0.7166661620140076,
      0.713374674320221,
      0.7176855206489563,
      0.7188830375671387,
      0.7134533524513245,
      0.7178072333335876,
      0.7159852981567383,
      0.7143253087997437,
      0.7114688754081726,
      0.7130558490753174,
      0.7168294787406921,
      0.7157319784164429,
      0.7111565470695496,
      0.7168027758598328,
      0.7191373705863953,
      0.714796781539917,
      0.7174347639083862,
      0.7144699096679688,
      0.7158981561660767,
      0.7147005796432495,
      0.7150564789772034,
      0.7121700644493103,
      0.7111328840255737,
      0.7129920125007629,
      0.7137396931648254,
      0.7124372720718384,
      0.7099973559379578,
      0.7072977423667908,
      0.7092970013618469,
      0.7082619667053223,
      0.7021839618682861,
      0.7032927870750427,
      0.7003535628318787,
      0.7020823955535889,
      0.7041580677032471,
      0.7043956518173218,
      0.7050908803939819,
      0.7021697163581848,
      0.7022703886032104,
      0.7032930254936218,
      0.7029383778572083,
      0.7034851312637329,
      0.7019107341766357,
      0.7023442983627319,
      0.7025429010391235,
      0.7033886313438416,
      0.7025098204612732,
      0.7061454653739929,
      0.7019527554512024,
      0.7040584087371826,
      0.697870135307312,
      0.7037342190742493,
      0.7007178068161011,
      0.7004067301750183,
      0.7012117505073547,
      0.6991201043128967,
      0.7025044560432434,
      0.7029423713684082,
      0.7021886706352234,
      0.7010020017623901,
      0.7025635838508606,
      0.7010247111320496,
      0.6995851993560791,
      0.6988131999969482,
      0.7010757923126221,
      0.7003887891769409,
      0.6989940404891968,
      0.6991006135940552,
      0.6961302161216736,
      0.6992185711860657,
      0.6980036497116089,
      0.6988540291786194,
      0.6967226266860962,
      0.6971348524093628,
      0.6965039968490601,
      0.6986995935440063,
      0.6979038715362549,
      0.6975054144859314,
      0.6982643008232117,
      0.7007786631584167,
      0.6927698254585266,
      0.6975247859954834,
      0.6929470896720886,
      0.6944898962974548,
      0.6931442618370056,
      0.6974132657051086,
      0.694318950176239,
      0.6950110197067261,
      0.6994265913963318,
      0.6924605369567871,
      0.6956267952919006,
      0.6965382695198059,
      0.6922991871833801,
      0.6973799467086792,
      0.6977882981300354,
      0.6982244253158569,
      0.691462516784668,
      0.6973452568054199,
      0.6958650946617126
    ],
    "test_auc": [
      0.17742233727810652,
      0.17871671597633138,
      0.17520340236686394,
      0.17242973372781067,
      0.17242973372781065,
      0.1709504437869822,
      0.16919378698224855,
      0.1668823964497041,
      0.16466346153846154,
      0.16734467455621305,
      0.17455621301775148,
      0.15865384615384615,
      0.18999630177514792,
      0.20257026627218935,
      0.20663831360946747,
      0.2094119822485207,
      0.21754807692307693,
      0.20885724852071008,
      0.20053624260355032,
      0.19341715976331364,
      0.1889792899408284,
      0.18981139053254437,
      0.20663831360946744,
      0.19545118343195264,
      0.1760355029585799,
      0.18315458579881658,
      0.18870192307692307,
      0.1834319526627219,
      0.18648298816568049,
      0.18361686390532544,
      0.18796227810650887,
      0.19156804733727809,
      0.19360207100591717,
      0.1949889053254438,
      0.19563609467455623,
      0.19628328402366868,
      0.19739275147928995,
      0.19785502958579881,
      0.19850221893491127,
      0.19850221893491127,
      0.19914940828402367,
      0.19924186390532544,
      0.19979659763313606,
      0.2013683431952663,
      0.20284763313609466,
      0.20330991124260356,
      0.20414201183431951,
      0.20451183431952663,
      0.2057137573964497,
      0.20673076923076922,
      0.20691568047337278,
      0.20710059171597633,
      0.20700813609467456,
      0.20719304733727806,
      0.2072855029585799,
      0.20728550295857984,
      0.2072855029585799,
      0.20756286982248517,
      0.2075628698224852,
      0.2079326923076923,
      0.20802514792899407,
      0.20821005917159763,
      0.20839497041420119,
      0.20857988165680474,
      0.20867233727810652,
      0.20857988165680474,
      0.20811760355029588,
      0.2083025147928994,
      0.20821005917159763,
      0.2078402366863905,
      0.20774778106508873,
      0.20765532544378698,
      0.2083025147928994,
      0.20839497041420119,
      0.20765532544378698,
      0.2075628698224852,
      0.20774778106508876,
      0.20765532544378698,
      0.20747041420118342,
      0.20747041420118342,
      0.20737795857988167,
      0.206823224852071,
      0.20599112426035504,
      0.20441937869822485,
      0.20441937869822485,
      0.20469674556213013,
      0.20515902366863903,
      0.20515902366863903,
      0.2053439349112426,
      0.20599112426035504,
      0.20710059171597633,
      0.20774778106508876,
      0.2089497041420118,
      0.20876479289940825,
      0.20885724852071003,
      0.20876479289940827,
      0.20885724852071005,
      0.20968934911242604,
      0.20922707100591714,
      0.20839497041420116,
      0.20839497041420116,
      0.20848742603550297,
      0.20848742603550297,
      0.20848742603550297,
      0.20848742603550297,
      0.2083025147928994,
      0.2083025147928994,
      0.20811760355029585,
      0.2079326923076923,
      0.20802514792899407,
      0.20802514792899407,
      0.20811760355029582,
      0.20811760355029582,
      0.20811760355029582,
      0.20811760355029582,
      0.20811760355029582,
      0.20811760355029582
    ],