{
  "best_val_f1_weighted": 0.9395313024405293,
  "best_test_metrics": {
    "accuracy": 0.948486799742434,
    "f1_macro": 0.012019289613473354,
    "f1_micro": 0.948486799742434,
    "f1_weighted": 0.9234111407935264
  },
  "timing": {
    "total_train_loop_sec": 17.24579894100316,
    "total_train_step_sec": 11.283284318167716,
    "total_eval_during_train_sec": 5.955973051954061,
    "avg_sec_per_epoch": 0.16907646020591333,
    "total_test_eval_sec": 0.05800469219684601
  },
  "curves": {
    "epoch": [
      1,
      2,
      3,
      4,
      5,
      6,
      7,
      8,
      9,
      10,
      11,
      12,
      13,
      14,
      15,
      16,
      17,
      18,
      19,
      20,
      21,
      22,
      23,
      24,
      25,
      26,
      27,
      28,
      29,
      30,
      31,
      32,
      33,
      34,
      35,
      36,
      37,
      38,
      39,
      40,
      41,
      42,
      43,
      44,
      45,
      46,
      47,
      48,
      49,
      50,
      51,
      52,
      53,
      54,
      55,
      56,
      57,
      58,
      59,
      60,
      61,
      62,
      63,
      64,
      65,
      66,
      67,
      68,
      69,
      70,
      71,
      72,
      73,
      74,
      75,
      76,
      77,
      78,
      79,
      80,
      81,
      82,
      83,
      84,
      85,
      86,
      87,
      88,
      89,
      90,
      91,
      92,
      93,
      94,
      95,
      96,
      97,
      98,
      99,
      100,
      101,
      102
    ],
    "loss": [
      5.850308895111084,
      5.819545269012451,
      5.788960933685303,
      5.758099555969238,
      5.726893424987793,
      5.698277473449707,
      5.6687445640563965,
      5.6403608322143555,
      5.610221862792969,
      5.579679012298584,
      5.548758506774902,
      5.516666889190674,
      5.483918190002441,
      5.451668739318848,
      5.418673515319824,
      5.383769989013672,
      5.346683025360107,
      5.3113861083984375,
      5.275521755218506,
      5.237814903259277,
      5.20043420791626,
      5.161138534545898,
      5.125205039978027,
      5.091108798980713,
      5.053311824798584,
      5.01540994644165,
      4.973461151123047,
      4.934998989105225,
      4.896749019622803,
      4.8622517585754395,
      4.832217693328857,
      4.796454906463623,
      4.760339736938477,
      4.718947887420654,
      4.6824259757995605,
      4.638607978820801,
      4.597708702087402,
      4.558554649353027,
      4.524137496948242,
      4.488051891326904,
      4.453315258026123,
      4.417115211486816,
      4.38064432144165,
      4.338301658630371,
      4.30176305770874,
      4.262644290924072,
      4.227241039276123,
      4.191202163696289,
      4.156203746795654,
      4.120415210723877,
      4.085714340209961,
      4.080845832824707,
      4.078238487243652,
      4.074698448181152,
      4.068638801574707,
      4.066779613494873,
      4.064736843109131,
      4.058774471282959,
      4.055456161499023,
      4.052218914031982,
      4.04903507232666,
      4.046974182128906,
      4.040926933288574,
      4.0370049476623535,
      4.035773277282715,
      4.031314373016357,
      4.0249714851379395,
      4.02630615234375,
      4.018704891204834,
      4.016476154327393,
      4.010692119598389,
      4.011620044708252,
      4.005521297454834,
      4.003726482391357,
      4.002777099609375,
      3.995537042617798,
      3.995546817779541,
      3.988154888153076,
      3.9871246814727783,
      3.9845101833343506,
      3.984323740005493,
      3.9772584438323975,
      3.975128650665283,
      3.972557306289673,
      3.968571186065674,
      3.9638214111328125,
      3.9603774547576904,
      3.958589553833008,
      3.9558827877044678,
      3.952867031097412,
      3.9480013847351074,
      3.9471099376678467,
      3.9418768882751465,
      3.939157485961914,
      3.9366307258605957,
      3.931494951248169,
      3.928025007247925,
      3.9252939224243164,
      3.9217922687530518,
      3.919318199157715,
      3.915480852127075,
      3.914872169494629
    ],
    "val_f1_weighted": [
      0.762028175138763,
      0.9395313024405293,
      0.9395313024405293,
      0.9395313024405293,
      0.9395313024405293,
      0.9395313024405293,
      0.9395313024405293,
      0.9395313024405293,
      0.9395313024405293,
      0.9395313024405293,
      0.9395313024405293,
      0.9395313024405293,
      0.9395313024405293,
      0.9395313024405293,
      0.9395313024405293,
      0.9395313024405293,
      0.9395313024405293,
      0.9395313024405293,
      0.9395313024405293,
      0.9395313024405293,
      0.9395313024405293,
      0.9395313024405293,
      0.9395313024405293,
      0.9395313024405293,
      0.9395313024405293,
      0.9395313024405293,
      0.9395313024405293,
      0.9395313024405293,
      0.9395313024405293,
      0.9395313024405293,
      0.9395313024405293,
      0.9395313024405293,
      0.9395313024405293,
      0.9395313024405293,
      0.9395313024405293,
      0.9395313024405293,
      0.9395313024405293,
      0.9395313024405293,
      0.9395313024405293,
      0.9395313024405293,
      0.9395313024405293,
      0.9395313024405293,
      0.9395313024405293,
      0.9395313024405293,
      0.9395313024405293,
      0.9395313024405293,
      0.9395313024405293,
      0.9395313024405293,
      0.9395313024405293,
      0.9395313024405293,
      0.9395313024405293,
      0.9395313024405293,
      0.9395313024405293,
      0.9395313024405293,
      0.9395313024405293,
      0.9395313024405293,
      0.9395313024405293,
      0.9395313024405293,
      0.9395313024405293,
      0.9395313024405293,
      0.9395313024405293,
      0.9395313024405293,
      0.9395313024405293,
      0.9395313024405293,
      0.9395313024405293,
      0.9395313024405293,
      0.9395313024405293,
      0.9395313024405293,
      0.9395313024405293,
      0.9395313024405293,
      0.9395313024405293,
      0.9395313024405293,
      0.9395313024405293,
      0.9395313024405293,
      0.9395313024405293,
      0.9395313024405293,
      0.9395313024405293,
      0.9395313024405293,
      0.9395313024405293,
      0.9395313024405293,
      0.9395313024405293,
      0.9395313024405293,
      0.9395313024405293,
      0.9395313024405293,
      0.9395313024405293,
      0.9395313024405293,
      0.9395313024405293,
      0.9395313024405293,
      0.9395313024405293,
      0.9395313024405293,
      0.9395313024405293,
      0.9395313024405293,
      0.9395313024405293,
      0.9395313024405293,
      0.9395313024405293,
      0.9395313024405293,
      0.9395313024405293,
      0.9395313024405293,
      0.9395313024405293,
      0.9395313024405293,
      0.9395313024405293,
      0.9395313024405293
    ],