{
  "best_val_f1_weighted": 0.9395313024405293,
  "best_test_metrics": {
    "accuracy": 0.948486799742434,
    "f1_macro": 0.012019289613473354,
    "f1_micro": 0.948486799742434,
    "f1_weighted": 0.9234111407935264
  },
  "timing": {
    "total_train_loop_sec": 17.754914487013593,
    "total_train_step_sec": 11.614450539695099,
    "total_eval_during_train_sec": 6.133765898179263,
    "avg_sec_per_epoch": 0.16909442368584374,
    "total_test_eval_sec": 0.058844414073973894
  },
  "curves": {
    "epoch": [
      1,
      2,
      3,
      4,
      5,
      6,
      7,
      8,
      9,
      10,
      11,
      12,
      13,
      14,
      15,
      16,
      17,
      18,
      19,
      20,
      21,
      22,
      23,
      24,
      25,
      26,
      27,
      28,
      29,
      30,
      31,
      32,
      33,
      34,
      35,
      36,
      37,
      38,
      39,
      40,
      41,
      42,
      43,
      44,
      45,
      46,
      47,
      48,
      49,
      50,
      51,
      52,
      53,
      54,
      55,
      56,
      57,
      58,
      59,
      60,
      61,
      62,
      63,
      64,
      65,
      66,
      67,
      68,
      69,
      70,
      71,
      72,
      73,
      74,
      75,
      76,
      77,
      78,
      79,
      80,
      81,
      82,
      83,
      84,
      85,
      86,
      87,
      88,
      89,
      90,
      91,
      92,
      93,
      94,
      95,
      96,
      97,
      98,
      99,
      100,
      101,
      102,
      103,
      104,
      105
    ],
    "loss": [
      5.933686256408691,
      5.900208950042725,
      5.868423938751221,
      5.841004848480225,
      5.8147125244140625,
      5.788680553436279,
      5.762938499450684,
      5.737401008605957,
      5.711561679840088,
      5.686197280883789,
      5.660297393798828,
      5.634541034698486,
      5.607968807220459,
      5.582805156707764,
      5.555812358856201,
      5.528735637664795,
      5.500235557556152,
      5.471469879150391,
      5.4415059089660645,
      5.411098480224609,
      5.37903356552124,
      5.3482208251953125,
      5.313816547393799,
      5.276659965515137,
      5.2390456199646,
      5.19987678527832,
      5.161567211151123,
      5.11819314956665,
      5.071073532104492,
      5.028697490692139,
      4.9895124435424805,
      4.949906826019287,
      4.90906286239624,
      4.869097709655762,
      4.827465057373047,
      4.788025379180908,
      4.7503342628479,
      4.715750694274902,
      4.677286148071289,
      4.643481731414795,
      4.609001159667969,
      4.575466632843018,
      4.540679931640625,
      4.505358695983887,
      4.471104145050049,
      4.435196876525879,
      4.396801948547363,
      4.3611555099487305,
      4.322296142578125,
      4.287883758544922,
      4.247239589691162,
      4.244496822357178,
      4.238103866577148,
      4.234394550323486,
      4.233173370361328,
      4.227220058441162,
      4.222788333892822,
      4.21966552734375,
      4.213705539703369,
      4.2124128341674805,
      4.207817554473877,
      4.206054210662842,
      4.197755813598633,
      4.196381568908691,
      4.191620826721191,
      4.18973445892334,
      4.184701442718506,
      4.18063497543335,
      4.177994728088379,
      4.171955585479736,
      4.169004917144775,
      4.165800094604492,
      4.160048484802246,
      4.154122352600098,
      4.150611400604248,
      4.147566795349121,
      4.142715930938721,
      4.143730640411377,
      4.138964653015137,
      4.134627819061279,
      4.131229400634766,
      4.126804351806641,
      4.122256755828857,
      4.117701530456543,
      4.113739490509033,
      4.110857009887695,
      4.107134819030762,
      4.101681709289551,
      4.097424030303955,
      4.095966339111328,
      4.094651222229004,
      4.088051795959473,
      4.084254741668701,
      4.08333683013916,
      4.0770158767700195,
      4.074694633483887,
      4.073026657104492,
      4.066154956817627,
      4.063348293304443,
      4.06317138671875,
      4.054470539093018,
      4.059147834777832,
      4.056970596313477,
      4.056258678436279,
      4.057113170623779
    ],
    "val_f1_weighted": [
      0.0,
      3.893232005481671e-06,
      0.6992180252560685,
      0.8787601757831586,
      0.9395313024405293,
      0.9395313024405293,
      0.9395313024405293,
      0.9395313024405293,
      0.9395313024405293,
      0.9395313024405293,
      0.9395313024405293,
      0.9395313024405293,
      0.9395313024405293,
      0.9395313024405293,
      0.9395313024405293,
      0.9395313024405293,
      0.9395313024405293,
      0.9395313024405293,
      0.9395313024405293,
      0.9395313024405293,
      0.9395313024405293,
      0.9395313024405293,
      0.9395313024405293,
      0.9395313024405293,
      0.9395313024405293,
      0.9395313024405293,
      0.9395313024405293,
      0.9395313024405293,
      0.9395313024405293,
      0.9395313024405293,
      0.9395313024405293,
      0.9395313024405293,
      0.9395313024405293,
      0.9395313024405293,
      0.9395313024405293,
      0.9395313024405293,
      0.9395313024405293,
      0.9395313024405293,
      0.9395313024405293,
      0.9395313024405293,
      0.9395313024405293,
      0.9395313024405293,
      0.9395313024405293,
      0.9395313024405293,
      0.9395313024405293,
      0.9395313024405293,
      0.9395313024405293,
      0.9395313024405293,
      0.9395313024405293,
      0.9395313024405293,
      0.9395313024405293,
      0.9395313024405293,
      0.9395313024405293,
      0.9395313024405293,
      0.9395313024405293,
      0.9395313024405293,
      0.9395313024405293,
      0.9395313024405293,
      0.9395313024405293,
      0.9395313024405293,
      0.9395313024405293,
      0.9395313024405293,
      0.9395313024405293,
      0.9395313024405293,
      0.9395313024405293,
      0.9395313024405293,
      0.9395313024405293,
      0.9395313024405293,
      0.9395313024405293,
      0.9395313024405293,
      0.9395313024405293,
      0.9395313024405293,
      0.9395313024405293,
      0.9395313024405293,
      0.9395313024405293,
      0.9395313024405293,
      0.9395313024405293,
      0.9395313024405293,
      0.9395313024405293,
      0.9395313024405293,
      0.9395313024405293,
      0.9395313024405293,
      0.9395313024405293,
      0.9395313024405293,
      0.9395313024405293,
      0.9395313024405293,
      0.9395313024405293,
      0.9395313024405293,
      0.9395313024405293,
      0.9395313024405293,
      0.9395313024405293,
      0.9395313024405293,
      0.9395313024405293,
      0.9395313024405293,
      0.9395313024405293,
      0.9395313024405293,
      0.9395313024405293,
      0.9395313024405293,
      0.9395313024405293,
      0.9395313024405293,
      0.9395313024405293,
      0.9395313024405293,
      0.9395313024405293,
      0.9395313024405293,
      0.9395313024405293
    ],