{
  "best_val_f1_weighted": 0.1055928144902481,
  "best_test_metrics": {
    "accuracy": 0.25908372827804105,
    "f1_macro": 0.04572703192527534,
    "f1_micro": 0.25908372827804105,
    "f1_weighted": 0.1066241692286041
  },
  "timing": {
    "total_train_loop_sec": 16.722612041048706,
    "total_train_step_sec": 11.121944169979542,
    "total_eval_during_train_sec": 5.594043156830594,
    "avg_sec_per_epoch": 0.15776049095328967,
    "total_test_eval_sec": 0.05256950203329325
  },
  "curves": {
    "epoch": [
      1,
      2,
      3,
      4,
      5,
      6,
      7,
      8,
      9,
      10,
      11,
      12,
      13,
      14,
      15,
      16,
      17,
      18,
      19,
      20,
      21,
      22,
      23,
      24,
      25,
      26,
      27,
      28,
      29,
      30,
      31,
      32,
      33,
      34,
      35,
      36,
      37,
      38,
      39,
      40,
      41,
      42,
      43,
      44,
      45,
      46,
      47,
      48,
      49,
      50,
      51,
      52,
      53,
      54,
      55,
      56,
      57,
      58,
      59,
      60,
      61,
      62,
      63,
      64,
      65,
      66,
      67,
      68,
      69,
      70,
      71,
      72,
      73,
      74,
      75,
      76,
      77,
      78,
      79,
      80,
      81,
      82,
      83,
      84,
      85,
      86,
      87,
      88,
      89,
      90,
      91,
      92,
      93,
      94,
      95,
      96,
      97,
      98,
      99,
      100,
      101,
      102,
      103,
      104,
      105,
      106
    ],
    "loss": [
      2.1991422176361084,
      2.195678234100342,
      2.193662643432617,
      2.191431999206543,
      2.189530372619629,
      2.1890275478363037,
      2.1862473487854004,
      2.184601306915283,
      2.183973550796509,
      2.1813528537750244,
      2.1787807941436768,
      2.1774091720581055,
      2.1746504306793213,
      2.1726813316345215,
      2.1705284118652344,
      2.1689112186431885,
      2.168139934539795,
      2.16448712348938,
      2.162899971008301,
      2.161109685897827,
      2.159735679626465,
      2.1595826148986816,
      2.1566569805145264,
      2.1556098461151123,
      2.155095338821411,
      2.1525633335113525,
      2.1517021656036377,
      2.149787425994873,
      2.148510217666626,
      2.1476187705993652,
      2.145153045654297,
      2.1418447494506836,
      2.1413886547088623,
      2.138969898223877,
      2.1389646530151367,
      2.138259172439575,
      2.135010004043579,
      2.1326711177825928,
      2.1299922466278076,
      2.1282331943511963,
      2.128234624862671,
      2.125220537185669,
      2.124018907546997,
      2.1217024326324463,
      2.1172733306884766,
      2.1204850673675537,
      2.117849588394165,
      2.116694450378418,
      2.1135048866271973,
      2.11478328704834,
      2.110398292541504,
      2.111488103866577,
      2.110898971557617,
      2.1101667881011963,
      2.1092684268951416,
      2.1079161167144775,
      2.1087796688079834,
      2.109867572784424,
      2.1082727909088135,
      2.110523223876953,
      2.1078789234161377,
      2.108407497406006,
      2.108462333679199,
      2.1094706058502197,
      2.1110668182373047,
      2.1108412742614746,
      2.107503652572632,
      2.109325408935547,
      2.1083219051361084,
      2.1077210903167725,
      2.108541965484619,
      2.108766555786133,
      2.105787754058838,
      2.109391450881958,
      2.1081581115722656,
      2.1079585552215576,
      2.10748291015625,
      2.1052141189575195,
      2.1075282096862793,
      2.1074953079223633,
      2.10562801361084,
      2.107118844985962,
      2.1045444011688232,
      2.106862783432007,
      2.107335090637207,
      2.1068296432495117,
      2.107508659362793,
      2.1076037883758545,
      2.103755235671997,
      2.103815793991089,
      2.1050801277160645,
      2.1067140102386475,
      2.1092867851257324,
      2.10758638381958,
      2.1061809062957764,
      2.10518741607666,
      2.103268623352051,
      2.1064236164093018,
      2.1057395935058594,
      2.1072449684143066,
      2.1077327728271484,
      2.107199192047119,
      2.1041758060455322,
      2.104043960571289,
      2.103121280670166,
      2.1045327186584473
    ],
    "val_f1_weighted": [
      0.03604411249167071,
      0.07844484128382882,
      0.07732212256124363,
      0.09618824570785772,
      0.10443759673392239,
      0.1055928144902481,
      0.10546016020068748,
      0.10546016020068748,
      0.10546016020068748,
      0.10546016020068748,
      0.10546016020068748,
      0.10546016020068748,
      0.10546016020068748,
      0.10546016020068748,
      0.10546016020068748,
      0.10546016020068748,
      0.10546016020068748,
      0.10546016020068748,
      0.10546016020068748,
      0.10546016020068748,
      0.10546016020068748,
      0.10546016020068748,
      0.10546016020068748,
      0.10546016020068748,
      0.10546016020068748,
      0.10546016020068748,
      0.10546016020068748,
      0.10546016020068748,
      0.10546016020068748,
      0.10546016020068748,
      0.10546016020068748,
      0.10546016020068748,
      0.10546016020068748,
      0.10546016020068748,
      0.10546016020068748,
      0.10546016020068748,
      0.10546016020068748,
      0.10546016020068748,
      0.10546016020068748,
      0.10546016020068748,
      0.10546016020068748,
      0.10546016020068748,
      0.10546016020068748,
      0.10546016020068748,
      0.10546016020068748,
      0.10546016020068748,
      0.10546016020068748,
      0.10546016020068748,
      0.10546016020068748,
      0.10546016020068748,
      0.10546016020068748,
      0.10546016020068748,
      0.10546016020068748,
      0.10546016020068748,
      0.10546016020068748,
      0.10546016020068748,
      0.10546016020068748,
      0.10546016020068748,
      0.10546016020068748,
      0.10546016020068748,
      0.10546016020068748,
      0.10546016020068748,
      0.10546016020068748,
      0.10546016020068748,
      0.10546016020068748,
      0.10546016020068748,
      0.10546016020068748,
      0.10546016020068748,
      0.10546016020068748,
      0.10546016020068748,
      0.10546016020068748,
      0.10546016020068748,
      0.10546016020068748,
      0.10546016020068748,
      0.10546016020068748,
      0.10546016020068748,
      0.10546016020068748,
      0.10546016020068748,
      0.10546016020068748,
      0.10546016020068748,
      0.10546016020068748,
      0.10546016020068748,
      0.10546016020068748,
      0.10546016020068748,
      0.10546016020068748,
      0.10546016020068748,
      0.10546016020068748,
      0.10546016020068748,
      0.10546016020068748,
      0.10546016020068748,
      0.10546016020068748,
      0.10546016020068748,
      0.10546016020068748,
      0.10546016020068748,
      0.10546016020068748,
      0.10546016020068748,
      0.10546016020068748,
      0.10546016020068748,
      0.10546016020068748,
      0.10546016020068748,
      0.10546016020068748,
      0.10546016020068748,
      0.10546016020068748,
      0.10546016020068748,
      0.10546016020068748,
      0.10546016020068748
    ],