{
  "best_val_f1_weighted": 0.15789489116299213,
  "best_test_metrics": {
    "accuracy": 0.3033175355450237,
    "f1_macro": 0.093487104125402,
    "f1_micro": 0.3033175355450237,
    "f1_weighted": 0.1651516899575788
  },
  "timing": {
    "total_train_loop_sec": 18.68792754993774,
    "total_train_step_sec": 12.586079546483234,
    "total_eval_during_train_sec": 6.09538362454623,
    "avg_sec_per_epoch": 0.17798026238035944,
    "total_test_eval_sec": 0.05210184212774038
  },
  "curves": {
    "epoch": [
      1,
      2,
      3,
      4,
      5,
      6,
      7,
      8,
      9,
      10,
      11,
      12,
      13,
      14,
      15,
      16,
      17,
      18,
      19,
      20,
      21,
      22,
      23,
      24,
      25,
      26,
      27,
      28,
      29,
      30,
      31,
      32,
      33,
      34,
      35,
      36,
      37,
      38,
      39,
      40,
      41,
      42,
      43,
      44,
      45,
      46,
      47,
      48,
      49,
      50,
      51,
      52,
      53,
      54,
      55,
      56,
      57,
      58,
      59,
      60,
      61,
      62,
      63,
      64,
      65,
      66,
      67,
      68,
      69,
      70,
      71,
      72,
      73,
      74,
      75,
      76,
      77,
      78,
      79,
      80,
      81,
      82,
      83,
      84,
      85,
      86,
      87,
      88,
      89,
      90,
      91,
      92,
      93,
      94,
      95,
      96,
      97,
      98,
      99,
      100,
      101,
      102,
      103,
      104,
      105
    ],
    "loss": [
      2.194606065750122,
      2.1924970149993896,
      2.1907763481140137,
      2.1883888244628906,
      2.1887526512145996,
      2.186772584915161,
      2.1857314109802246,
      2.1842992305755615,
      2.182354211807251,
      2.1799237728118896,
      2.1781208515167236,
      2.1750011444091797,
      2.1748552322387695,
      2.1719491481781006,
      2.1697261333465576,
      2.1685378551483154,
      2.167623996734619,
      2.1655352115631104,
      2.1638646125793457,
      2.16084623336792,
      2.15865159034729,
      2.156261920928955,
      2.1539950370788574,
      2.153031587600708,
      2.1510493755340576,
      2.1478054523468018,
      2.145321846008301,
      2.14430570602417,
      2.1423873901367188,
      2.1404097080230713,
      2.137805700302124,
      2.13852858543396,
      2.135938882827759,
      2.1357834339141846,
      2.1315817832946777,
      2.1316561698913574,
      2.1295008659362793,
      2.1268982887268066,
      2.1243207454681396,
      2.1244256496429443,
      2.1209428310394287,
      2.121382474899292,
      2.1221237182617188,
      2.11665940284729,
      2.1159563064575195,
      2.1156351566314697,
      2.1142513751983643,
      2.113848924636841,
      2.113042116165161,
      2.111846446990967,
      2.1081361770629883,
      2.1083157062530518,
      2.1088192462921143,
      2.111130475997925,
      2.108769178390503,
      2.1104209423065186,
      2.1080377101898193,
      2.1092135906219482,
      2.1099843978881836,
      2.1082370281219482,
      2.1091039180755615,
      2.1100594997406006,
      2.1108145713806152,
      2.107513666152954,
      2.108015775680542,
      2.1073405742645264,
      2.1083412170410156,
      2.1076276302337646,
      2.108595609664917,
      2.105501174926758,
      2.108436107635498,
      2.107625961303711,
      2.1052722930908203,
      2.106320858001709,
      2.108208179473877,
      2.106102705001831,
      2.1068804264068604,
      2.10731840133667,
      2.1063852310180664,
      2.1056289672851562,
      2.1079721450805664,
      2.103910207748413,
      2.1058969497680664,
      2.1069369316101074,
      2.1076979637145996,
      2.104583740234375,
      2.1041171550750732,
      2.1081576347351074,
      2.104665517807007,
      2.104858875274658,
      2.106632947921753,
      2.10437273979187,
      2.106257677078247,
      2.103161573410034,
      2.1050503253936768,
      2.1027822494506836,
      2.1044373512268066,
      2.1041276454925537,
      2.105001926422119,
      2.103322744369507,
      2.1022188663482666,
      2.102184772491455,
      2.101522922515869,
      2.101599931716919,
      2.1027793884277344
    ],
    "val_f1_weighted": [
      0.05307909535981908,
      0.06698699311206294,
      0.11315097106145222,
      0.15432438044964913,
      0.15789489116299213,
      0.1400866343048635,
      0.1297615097426651,
      0.11774673796307905,
      0.10870450006638865,
      0.10546016020068748,
      0.10546016020068748,
      0.10546016020068748,
      0.10546016020068748,
      0.10546016020068748,
      0.10546016020068748,
      0.10546016020068748,
      0.10546016020068748,
      0.10546016020068748,
      0.10546016020068748,
      0.10546016020068748,
      0.10546016020068748,
      0.10546016020068748,
      0.10546016020068748,
      0.10546016020068748,
      0.10546016020068748,
      0.10546016020068748,
      0.10546016020068748,
      0.10546016020068748,
      0.10546016020068748,
      0.10546016020068748,
      0.10546016020068748,
      0.10546016020068748,
      0.10546016020068748,
      0.10546016020068748,
      0.10546016020068748,
      0.10546016020068748,
      0.10546016020068748,
      0.10546016020068748,
      0.10546016020068748,
      0.10546016020068748,
      0.10546016020068748,
      0.10546016020068748,
      0.10546016020068748,
      0.10546016020068748,
      0.10546016020068748,
      0.10546016020068748,
      0.10546016020068748,
      0.10546016020068748,
      0.10546016020068748,
      0.10546016020068748,
      0.10546016020068748,
      0.10546016020068748,
      0.10546016020068748,
      0.10546016020068748,
      0.10546016020068748,
      0.10546016020068748,
      0.10546016020068748,
      0.10546016020068748,
      0.10546016020068748,
      0.10546016020068748,
      0.10546016020068748,
      0.10546016020068748,
      0.10546016020068748,
      0.10546016020068748,
      0.10546016020068748,
      0.10546016020068748,
      0.10546016020068748,
      0.10546016020068748,
      0.10546016020068748,
      0.10546016020068748,
      0.10546016020068748,
      0.10546016020068748,
      0.10546016020068748,
      0.10546016020068748,
      0.10546016020068748,
      0.10546016020068748,
      0.10546016020068748,
      0.10546016020068748,
      0.10546016020068748,
      0.10546016020068748,
      0.10546016020068748,
      0.10546016020068748,
      0.10546016020068748,
      0.10546016020068748,
      0.10546016020068748,
      0.10546016020068748,
      0.10546016020068748,
      0.10546016020068748,
      0.10546016020068748,
      0.10546016020068748,
      0.10546016020068748,
      0.10546016020068748,
      0.10546016020068748,
      0.10546016020068748,
      0.10546016020068748,
      0.10546016020068748,
      0.10546016020068748,
      0.10546016020068748,
      0.10546016020068748,
      0.10546016020068748,
      0.10546016020068748,
      0.10546016020068748,
      0.10546016020068748,
      0.10546016020068748,
      0.10546016020068748
    ],