{
  "best_val_f1_weighted": 0.7040715841780828,
  "best_test_metrics": {
    "accuracy": 0.7477214728399563,
    "f1_macro": 0.46339555075914846,
    "f1_micro": 0.7477214728399563,
    "f1_weighted": 0.7128797847798096
  },
  "timing": {
    "total_train_loop_sec": 17.20943619706668,
    "total_train_step_sec": 10.69567396119237,
    "total_eval_during_train_sec": 6.506706024520099,
    "avg_sec_per_epoch": 0.16083585230903438,
    "total_test_eval_sec": 0.06083132792264223
  },
  "curves": {
    "epoch": [
      1,
      2,
      3,
      4,
      5,
      6,
      7,
      8,
      9,
      10,
      11,
      12,
      13,
      14,
      15,
      16,
      17,
      18,
      19,
      20,
      21,
      22,
      23,
      24,
      25,
      26,
      27,
      28,
      29,
      30,
      31,
      32,
      33,
      34,
      35,
      36,
      37,
      38,
      39,
      40,
      41,
      42,
      43,
      44,
      45,
      46,
      47,
      48,
      49,
      50,
      51,
      52,
      53,
      54,
      55,
      56,
      57,
      58,
      59,
      60,
      61,
      62,
      63,
      64,
      65,
      66,
      67,
      68,
      69,
      70,
      71,
      72,
      73,
      74,
      75,
      76,
      77,
      78,
      79,
      80,
      81,
      82,
      83,
      84,
      85,
      86,
      87,
      88,
      89,
      90,
      91,
      92,
      93,
      94,
      95,
      96,
      97,
      98,
      99,
      100,
      101,
      102,
      103,
      104,
      105,
      106,
      107
    ],
    "loss": [
      1.0957977771759033,
      1.0840405225753784,
      1.072777509689331,
      1.0617287158966064,
      1.051071047782898,
      1.0404002666473389,
      1.0302563905715942,
      1.02012038230896,
      1.0100979804992676,
      1.0001447200775146,
      0.9904186725616455,
      0.9806130528450012,
      0.9706398248672485,
      0.9609023928642273,
      0.9511651992797852,
      0.9418313503265381,
      0.9324742555618286,
      0.9237152934074402,
      0.9149990081787109,
      0.9060041904449463,
      0.897932231426239,
      0.8903064727783203,
      0.8826319575309753,
      0.8755055069923401,
      0.8690798878669739,
      0.8626087307929993,
      0.8568272590637207,
      0.8510435223579407,
      0.8453856110572815,
      0.8401902914047241,
      0.8351848721504211,
      0.8291841149330139,
      0.8245094418525696,
      0.8201102614402771,
      0.8153107166290283,
      0.8090864419937134,
      0.8058016896247864,
      0.8007742166519165,
      0.7965683341026306,
      0.7918199896812439,
      0.78842693567276,
      0.7846016883850098,
      0.7805181741714478,
      0.7770863771438599,
      0.774368941783905,
      0.7721309661865234,
      0.7681005597114563,
      0.7671037912368774,
      0.7662546634674072,
      0.7678298354148865,
      0.769792377948761,
      0.7687239050865173,
      0.7689535617828369,
      0.7696661353111267,
      0.7696037888526917,
      0.7696653604507446,
      0.7699857950210571,
      0.7688541412353516,
      0.7708123326301575,
      0.7699875235557556,
      0.7730081677436829,
      0.7721384763717651,
      0.7728131413459778,
      0.7718226909637451,
      0.7746509313583374,
      0.773102879524231,
      0.7754277586936951,
      0.7747350335121155,
      0.7751951217651367,
      0.7756112217903137,
      0.7748619318008423,
      0.7762545347213745,
      0.7777916789054871,
      0.7775036692619324,
      0.779949963092804,
      0.7811185717582703,
      0.7798605561256409,
      0.7808437347412109,
      0.7807915806770325,
      0.7812885046005249,
      0.7807711362838745,
      0.7816120386123657,
      0.7839406728744507,
      0.7839887142181396,
      0.7831146121025085,
      0.7858358025550842,
      0.786757230758667,
      0.7873554229736328,
      0.7863562107086182,
      0.786490261554718,
      0.787876307964325,
      0.7888615131378174,
      0.7891775369644165,
      0.7886698246002197,
      0.7894658446311951,
      0.7918823957443237,
      0.7907971739768982,
      0.7917828559875488,
      0.7907167673110962,
      0.7930641770362854,
      0.7906116843223572,
      0.7911213040351868,
      0.7914170622825623,
      0.7907979488372803,
      0.7916545867919922,
      0.7923697829246521,
      0.7916844487190247
    ],
    "val_f1_weighted": [
      0.22057370537931728,
      0.22057370537931728,
      0.22855782074818903,
      0.2852934399825351,
      0.5052891147316383,
      0.6930405458549488,
      0.7040715841780828,
      0.47295200074412763,
      0.44767574159447543,
      0.44491376844674674,
      0.44491376844674674,
      0.44491376844674674,
      0.44491376844674674,
      0.44491376844674674,
      0.44491376844674674,
      0.44491376844674674,
      0.44491376844674674,
      0.44491376844674674,
      0.44491376844674674,
      0.44491376844674674,
      0.44491376844674674,
      0.44491376844674674,
      0.44491376844674674,
      0.44519061868432563,
      0.447124505091065,
      0.4507992511397873,
      0.45619107099896566,
      0.4658062217739508,
      0.4797700504214599,
      0.49446181496692776,
      0.5057977287225965,
      0.5149671569878024,
      0.5149107203442235,
      0.5229825121195859,
      0.5176507212155519,
      0.5010866345315403,
      0.4971131360093071,
      0.49575576377260683,
      0.49499039765670694,
      0.48712747052158933,
      0.4886391826490232,
      0.4822805205793426,
      0.4848206815926261,
      0.4799858210234017,
      0.4898287582467833,
      0.49100877076076743,
      0.49404692544011974,
      0.4935382815804507,
      0.4864015524398343,
      0.5055296990486104,
      0.5051735663222044,
      0.5062441552511404,
      0.5107155329325364,
      0.5169631246322314,
      0.5166826024721165,
      0.5229152586528779,
      0.5220693269320625,
      0.5237935452768425,
      0.525283408106291,
      0.5280489278356181,
      0.530359461825701,
      0.5312385628370312,
      0.5258140805275561,
      0.5274408045539123,
      0.5260080330944129,
      0.5294308710705339,
      0.5265501019000597,
      0.5323918642846349,
      0.5326106488874334,
      0.5328684875853024,
      0.5348486491255591,
      0.5342512772978096,
      0.534595925542577,
      0.5340333305358654,
      0.5335982189063934,
      0.5413268310028178,
      0.5398750625329154,
      0.5407311933681499,
      0.541027148995323,
      0.5415991011172642,
      0.5433613599260899,
      0.5230067683818204,
      0.5246858045786899,
      0.5159652896111752,
      0.5165290587030054,
      0.5144765052692918,
      0.5164592011772482,
      0.5175256962759227,
      0.5150418890184923,
      0.5137348545274781,
      0.5136328535160677,
      0.5099043139256394,
      0.5119536410303693,
      0.5119226966538607,
      0.5052233069699061,
      0.5049571423424962,
      0.5010952325342278,
      0.4981859017565111,
      0.4949462324349254,
      0.49523979951168556,
      0.49523979951168556,
      0.4944817053650687,
      0.49445058416397963,
      0.4931508170512295,
      0.49337856715482176,
      0.4932489573099567,
      0.48997330245496634
    ],