{
  "best_val_f1_weighted": 0.6445611134235176,
  "best_test_metrics": {
    "accuracy": 0.7053104873010086,
    "f1_macro": 0.42627797341212476,
    "f1_micro": 0.7053104873010086,
    "f1_weighted": 0.6634605724318368
  },
  "timing": {
    "total_train_loop_sec": 16.682588539086282,
    "total_train_step_sec": 10.341783674200997,
    "total_eval_during_train_sec": 6.333953513763845,
    "avg_sec_per_epoch": 0.16040950518352196,
    "total_test_eval_sec": 0.06103711994364858
  },
  "curves": {
    "epoch": [
      1,
      2,
      3,
      4,
      5,
      6,
      7,
      8,
      9,
      10,
      11,
      12,
      13,
      14,
      15,
      16,
      17,
      18,
      19,
      20,
      21,
      22,
      23,
      24,
      25,
      26,
      27,
      28,
      29,
      30,
      31,
      32,
      33,
      34,
      35,
      36,
      37,
      38,
      39,
      40,
      41,
      42,
      43,
      44,
      45,
      46,
      47,
      48,
      49,
      50,
      51,
      52,
      53,
      54,
      55,
      56,
      57,
      58,
      59,
      60,
      61,
      62,
      63,
      64,
      65,
      66,
      67,
      68,
      69,
      70,
      71,
      72,
      73,
      74,
      75,
      76,
      77,
      78,
      79,
      80,
      81,
      82,
      83,
      84,
      85,
      86,
      87,
      88,
      89,
      90,
      91,
      92,
      93,
      94,
      95,
      96,
      97,
      98,
      99,
      100,
      101,
      102,
      103,
      104
    ],
    "loss": [
      1.1153473854064941,
      1.1033791303634644,
      1.0915205478668213,
      1.079836130142212,
      1.0685815811157227,
      1.0573384761810303,
      1.0464210510253906,
      1.0361460447311401,
      1.0254815816879272,
      1.0149197578430176,
      1.0049117803573608,
      0.994787871837616,
      0.9849220514297485,
      0.9751994609832764,
      0.9657406210899353,
      0.9563068151473999,
      0.9466310143470764,
      0.9374639391899109,
      0.9290710687637329,
      0.9203696250915527,
      0.911701500415802,
      0.9036458730697632,
      0.896578311920166,
      0.8887015581130981,
      0.8820695281028748,
      0.8761264085769653,
      0.869893491268158,
      0.8642711639404297,
      0.8594348430633545,
      0.8549610376358032,
      0.8508874177932739,
      0.8476064205169678,
      0.8433802127838135,
      0.8392449021339417,
      0.8342958092689514,
      0.830407977104187,
      0.8258410692214966,
      0.8224427103996277,
      0.8195021152496338,
      0.8152229189872742,
      0.8119478821754456,
      0.8086955547332764,
      0.8056854009628296,
      0.8028576970100403,
      0.8005937337875366,
      0.7991896271705627,
      0.7960509657859802,
      0.7937547564506531,
      0.7921438217163086,
      0.7919990420341492,
      0.7899996042251587,
      0.791931688785553,
      0.7907634377479553,
      0.7906904220581055,
      0.7904595732688904,
      0.7903324365615845,
      0.7908730506896973,
      0.7918122410774231,
      0.7907590270042419,
      0.7925642728805542,
      0.7905941605567932,
      0.7914730310440063,
      0.7910740375518799,
      0.7903479337692261,
      0.7906877994537354,
      0.7915419936180115,
      0.7922409176826477,
      0.7914746403694153,
      0.7916256785392761,
      0.7926823496818542,
      0.792091429233551,
      0.7925997972488403,
      0.7922407984733582,
      0.7922745943069458,
      0.7918542623519897,
      0.7910098433494568,
      0.7924922108650208,
      0.7921344041824341,
      0.7933961153030396,
      0.7935659885406494,
      0.7937012314796448,
      0.7931270599365234,
      0.7928329110145569,
      0.7931622266769409,
      0.7928100228309631,
      0.7942438125610352,
      0.7940969467163086,
      0.7944062948226929,
      0.7926964163780212,
      0.7932661175727844,
      0.7925354242324829,
      0.7932324409484863,
      0.7930857539176941,
      0.7931195497512817,
      0.7928440570831299,
      0.794721245765686,
      0.7943468689918518,
      0.7944445610046387,
      0.7941412329673767,
      0.7931963801383972,
      0.7942042946815491,
      0.7936105132102966,
      0.7957699298858643,
      0.7938185334205627
    ],
    "val_f1_weighted": [
      0.22052454395818744,
      0.2273908617112402,
      0.4083270889150256,
      0.6445611134235176,
      0.4468486701820898,
      0.44491376844674674,
      0.44491376844674674,
      0.44491376844674674,
      0.44491376844674674,
      0.44491376844674674,
      0.44491376844674674,
      0.44491376844674674,
      0.44491376844674674,
      0.44491376844674674,
      0.44491376844674674,
      0.44491376844674674,
      0.44491376844674674,
      0.44491376844674674,
      0.44491376844674674,
      0.44491376844674674,
      0.44491376844674674,
      0.44491376844674674,
      0.44491376844674674,
      0.44491376844674674,
      0.44491376844674674,
      0.44519061868432563,
      0.4449476511493929,
      0.4460542004975901,
      0.4478794254132608,
      0.4498360204221568,
      0.45428257087236834,
      0.4610086221794452,
      0.4704849924888615,
      0.4822713612673223,
      0.49216078391777884,
      0.49912418234140116,
      0.5131596747985128,
      0.5044884162316433,
      0.4948921373823364,
      0.49420013310804717,
      0.48870908896680537,
      0.48462155127492756,
      0.4812095524875871,
      0.47863720736866044,
      0.4734920659616559,
      0.4774187799939469,
      0.48316965707105036,
      0.48205377763019197,
      0.47975010843704247,
      0.4945862921161927,
      0.4963161745535996,
      0.49230674364443444,
      0.49510984191013124,
      0.4933865691879348,
      0.4885032332216792,
      0.48934221693735086,
      0.4880225820611874,
      0.48899578934493043,
      0.485445518812864,
      0.4847919263241835,
      0.48366808325293353,
      0.4836439212824083,
      0.4861760938601734,
      0.4845416561561116,
      0.48405286248398505,
      0.48320484687401166,
      0.48349376798398447,
      0.48240065224053047,
      0.4823609737516992,
      0.48918193697493595,
      0.4974796476445908,
      0.49748581741040226,
      0.49799702608319646,
      0.4959045478686826,
      0.48555091243634446,
      0.48982261069550376,
      0.4890051114131822,
      0.49974026229171475,
      0.500171742132564,
      0.4997972318909309,
      0.5065065716258137,
      0.5091311926527816,
      0.5126649445029259,
      0.515217985355472,
      0.5154732967976916,
      0.5181475017772621,
      0.519314358945346,
      0.5223145785286389,
      0.5198110979434806,
      0.5184098105669008,
      0.5161918359397146,
      0.5149396390778446,
      0.5139447569484253,
      0.5113042024643453,
      0.509166966604248,
      0.5098851665394888,
      0.5098716341159892,
      0.5093542906480424,
      0.5092755722657212,
      0.5097069781187581,
      0.5095678481013735,
      0.5086282965637718,
      0.508361868313727,
      0.5082904060742615
    ],